,date,Farenheit,clouds_all,weather_description
0,10/1/2012,59.82090909,20,few clouds
1,10/2/2012,63.95208333,20,few clouds
2,10/3/2012,62.83394737,75,broken clouds
3,10/4/2012,65.20355556,100,mist
4,10/5/2012,69.79787234,91,mist
5,10/6/2012,66.83766667,85,mist
6,10/7/2012,65.51888889,20,few clouds
7,10/8/2012,50.95230769,1,sky is clear
8,10/9/2012,47.64878788,100,moderate rain
9,10/10/2012,53.54178571,90,overcast clouds
10,10/11/2012,56.96538462,96,sky is clear
11,10/12/2012,53.75291667,20,few clouds
12,10/13/2012,50.07583333,0,sky is Clear
13,10/14/2012,43.73375,1,sky is clear
14,10/15/2012,57.44166667,75,broken clouds
15,10/16/2012,64.97029412,40,scattered clouds
16,10/17/2012,56.2676,93,light rain
17,10/18/2012,49.16708333,20,few clouds
18,10/19/2012,52.75041667,75,broken clouds
19,10/20/2012,64.2012766,90,overcast clouds
20,10/21/2012,61.24,10,mist
21,10/22/2012,55.7725,30,scattered clouds
22,10/23/2012,56.93375,1,sky is clear
23,10/24/2012,55.782,1,sky is clear
24,10/25/2012,57.50564103,90,overcast clouds
25,10/26/2012,58.18125,90,mist
26,10/27/2012,60.69166667,90,haze
27,10/28/2012,62.25814815,90,overcast clouds
28,10/29/2012,57.775,75,broken clouds
29,10/30/2012,56.99767442,90,overcast clouds
30,10/31/2012,55.98275862,90,light rain
31,11/1/2012,48.58458333,75,light rain
32,11/2/2012,46.95125,90,overcast clouds
33,11/3/2012,48.86291667,75,broken clouds
34,11/4/2012,45.48833333,90,overcast clouds
35,11/5/2012,43.81583333,40,scattered clouds
36,11/6/2012,42.855,0,sky is clear
37,11/7/2012,35.43708333,20,few clouds
38,11/8/2012,35.91971429,20,few clouds
39,11/9/2012,36.78657143,90,heavy snow
40,11/10/2012,43.59541667,75,broken clouds
41,11/11/2012,45.66583333,40,scattered clouds
42,11/12/2012,53.93833333,90,overcast clouds
43,11/13/2012,51.58645161,40,scattered clouds
44,11/14/2012,51.42151515,90,mist
45,11/15/2012,41.00666667,90,overcast clouds
46,11/16/2012,41.74,20,few clouds
47,11/17/2012,42.30541667,96,overcast clouds
48,11/18/2012,40.92333333,20,few clouds
49,11/19/2012,40.58458333,1,sky is clear
50,11/20/2012,41.19583333,75,broken clouds
51,11/21/2012,40.73333333,75,broken clouds
52,11/22/2012,43.19041667,75,broken clouds
53,11/23/2012,42.61333333,20,few clouds
54,11/24/2012,41.06705882,20,few clouds
55,11/25/2012,42.23958333,75,broken clouds
56,11/26/2012,36.885,20,few clouds
57,11/27/2012,39.88583333,75,broken clouds
58,11/28/2012,35.05092593,1,sky is clear
59,11/29/2012,36.28666667,90,light rain
60,11/30/2012,36.66458333,1,sky is clear
61,12/1/2012,37.28814815,1,sky is clear
62,12/2/2012,39.4825,90,overcast clouds
63,12/3/2012,43.15029412,90,haze
64,12/4/2012,50.40571429,90,light rain
65,12/5/2012,50.17210526,75,haze
66,12/6/2012,51.7459375,90,mist
67,12/7/2012,35.28416667,40,scattered clouds
68,12/8/2012,35.88142857,75,broken clouds
69,12/9/2012,48.2156,94,light rain
70,12/10/2012,45.19722222,75,mist
71,12/11/2012,47.82322581,90,mist
72,12/12/2012,47.87346154,90,mist
73,12/13/2012,39.02416667,14,few clouds
74,12/14/2012,37.28458333,100,overcast clouds
75,12/15/2012,36.38375,20,few clouds
76,12/16/2012,37.89208333,75,broken clouds
77,12/17/2012,44.02675,75,broken clouds
78,12/18/2012,41.70384615,90,mist
79,12/19/2012,45.53057692,90,mist
80,12/20/2012,44.17666667,75,broken clouds
81,12/21/2012,37.95,1,sky is clear
82,12/22/2012,48.57195652,90,overcast clouds
83,12/23/2012,37.22625,90,overcast clouds
84,12/24/2012,37.99083333,40,scattered clouds
85,12/25/2012,33.76916667,20,few clouds
86,12/26/2012,35.83119048,90,heavy snow
87,12/27/2012,31.98647059,90,overcast clouds
88,12/28/2012,37.59583333,90,light rain
89,12/29/2012,32.62125,90,overcast clouds
90,12/30/2012,31.39973684,75,broken clouds
91,12/31/2012,31.488,90,heavy snow
92,1/1/2013,31.26208333,20,few clouds
93,1/2/2013,37.76375,90,overcast clouds
94,1/3/2013,27.61791667,75,broken clouds
95,1/4/2013,28.28083333,75,broken clouds
96,1/5/2013,33.4725,40,scattered clouds
97,1/6/2013,35.97333333,1,sky is clear
98,1/7/2013,36.7136,40,scattered clouds
99,1/8/2013,39.555,75,broken clouds
100,1/9/2013,35.3575,1,sky is clear
101,1/10/2013,39.50583333,75,broken clouds
102,1/11/2013,43.32708333,1,sky is clear
103,1/12/2013,38.735,75,broken clouds
104,1/13/2013,43.3785,90,light rain
105,1/14/2013,45.26,90,light intensity drizzle
106,1/15/2013,48.90957447,90,mist
107,1/16/2013,38.52703704,90,overcast clouds
108,1/17/2013,35.23305556,90,overcast clouds
109,1/18/2013,38.51,90,mist
110,1/19/2013,31.09041667,90,overcast clouds
111,1/20/2013,34.33958333,20,few clouds
112,1/21/2013,43.98416667,1,sky is clear
113,1/22/2013,30.13958333,20,few clouds
114,1/23/2013,22.90666667,90,overcast clouds
115,1/24/2013,14.64,20,few clouds
116,1/25/2013,16.10416667,47,scattered clouds
117,1/26/2013,17.57208333,10,sky is Clear
118,1/27/2013,19.7675,0,sky is Clear
119,1/28/2013,24.19666667,20,few clouds
120,1/29/2013,35.9475,63,broken clouds
121,1/30/2013,38.88333333,66,light rain
122,1/31/2013,42.34545455,90,light rain
123,2/1/2013,43.84916667,100,overcast clouds
124,2/2/2013,29.5425,20,few clouds
125,2/3/2013,25.09125,40,scattered clouds
126,2/4/2013,25.50393939,90,overcast clouds
127,2/5/2013,26.58416667,40,scattered clouds
128,2/6/2013,28.52146341,40,scattered clouds
129,2/7/2013,31.98096774,90,heavy snow
130,2/8/2013,28.81833333,40,scattered clouds
131,2/9/2013,32.55574468,1,sky is clear
132,2/10/2013,28.94431818,90,heavy snow
133,2/11/2013,27.34458333,1,sky is Clear
134,2/12/2013,35.84697674,75,broken clouds
135,2/13/2013,40.06346154,90,fog
136,2/14/2013,35.40625,90,overcast clouds
137,2/15/2013,37.03866667,90,overcast clouds
138,2/16/2013,40.3188,75,broken clouds
139,2/17/2013,37.46296296,40,scattered clouds
140,2/18/2013,29.42791667,90,overcast clouds
141,2/19/2013,23.75083333,40,scattered clouds
142,2/20/2013,36.65344828,20,few clouds
143,2/21/2013,34.088,90,overcast clouds
144,2/22/2013,28.43625,75,broken clouds
145,2/23/2013,29.38333333,1,sky is clear
146,2/24/2013,37.93721311,90,heavy snow
147,2/25/2013,38.46111111,90,light intensity drizzle
148,2/26/2013,36.69958333,75,broken clouds
149,2/27/2013,37.73958333,75,broken clouds
150,2/28/2013,40.62588235,90,overcast clouds
151,3/1/2013,43.5625,40,scattered clouds
152,3/2/2013,39.79916667,90,overcast clouds
153,3/3/2013,36.6444,90,overcast clouds
154,3/4/2013,32.67846154,90,light rain
155,3/5/2013,32.89916667,75,broken clouds
156,3/6/2013,36.87416667,30,scattered clouds
157,3/7/2013,39.2452,0,sky is clear
158,3/8/2013,36.66181818,90,light rain
159,3/9/2013,33.16142857,90,mist
160,3/10/2013,41.34541667,99,overcast clouds
161,3/11/2013,39.80916667,20,few clouds
162,3/12/2013,43.89958333,75,broken clouds
163,3/13/2013,49.453125,90,overcast clouds
164,3/14/2013,43.59125,75,broken clouds
165,3/15/2013,35.44125,40,scattered clouds
166,3/16/2013,36.0075,75,broken clouds
167,3/17/2013,36.63925926,85,overcast clouds
168,3/18/2013,32.6336,90,heavy snow
169,3/19/2013,31.74814815,75,broken clouds
170,3/20/2013,35.31657143,90,mist
171,3/21/2013,37.99166667,15,few clouds
172,3/22/2013,35.138,9,sky is clear
173,3/23/2013,33.79875,97,overcast clouds
174,3/24/2013,38.27208333,40,scattered clouds
175,3/25/2013,38.78583333,8,sky is clear
176,3/26/2013,38.32642857,99,overcast clouds
177,3/27/2013,41.00461538,90,light rain
178,3/28/2013,42.96041667,96,overcast clouds
179,3/29/2013,42.86166667,74,broken clouds
180,3/30/2013,45.9475,89,overcast clouds
181,3/31/2013,46.29875,34,scattered clouds
182,4/1/2013,45.23791667,10,sky is clear
183,4/2/2013,48.257,90,light rain
184,4/3/2013,38.30833333,40,scattered clouds
185,4/4/2013,38.66875,20,few clouds
186,4/5/2013,40.07458333,1,sky is clear
187,4/6/2013,48.23875,90,overcast clouds
188,4/7/2013,43.64916667,20,few clouds
189,4/8/2013,45.85958333,40,scattered clouds
190,4/9/2013,56.90791667,75,broken clouds
191,4/10/2013,64.1984,75,broken clouds
192,4/11/2013,63.67827586,40,scattered clouds
193,4/12/2013,56.83787879,90,thunderstorm with rain
194,4/13/2013,43.20666667,90,overcast clouds
195,4/14/2013,44.89694444,90,mist
196,4/15/2013,51.49958333,75,broken clouds
197,4/16/2013,49.11541667,90,overcast clouds
198,4/17/2013,53.74541667,75,broken clouds
199,4/18/2013,62.03416667,75,broken clouds
200,4/19/2013,53.8216,40,scattered clouds
201,4/20/2013,59.51103448,90,overcast clouds
202,4/21/2013,55.44769231,90,haze
203,4/22/2013,45.96166667,75,broken clouds
204,4/23/2013,46.03708333,75,broken clouds
205,4/24/2013,44.33035714,40,scattered clouds
206,4/25/2013,52.50458333,90,overcast clouds
207,4/26/2013,56.12416667,75,broken clouds
208,4/27/2013,55.06,1,sky is clear
209,4/28/2013,56.24958333,40,scattered clouds
210,4/29/2013,56.92041667,20,few clouds
211,4/30/2013,54.4746875,90,overcast clouds
212,5/1/2013,56.512,90,overcast clouds
213,5/2/2013,54.30166667,40,scattered clouds
214,5/3/2013,55.75153846,20,few clouds
215,5/4/2013,57.11208333,1,sky is clear
216,5/5/2013,53.83125,20,few clouds
217,5/6/2013,51.06916667,20,few clouds
218,5/7/2013,53.57583333,1,sky is clear
219,5/8/2013,58.6875,1,sky is clear
220,5/9/2013,60.64294118,75,broken clouds
221,5/10/2013,58.08452381,40,scattered clouds
222,5/11/2013,63.82034483,20,few clouds
223,5/12/2013,64.53666667,90,overcast clouds
224,5/13/2013,62.56208333,75,broken clouds
225,5/14/2013,51.4175,20,few clouds
226,5/15/2013,50.2775,20,few clouds
227,5/16/2013,56.15458333,40,scattered clouds
228,5/17/2013,67.545,75,broken clouds
229,5/18/2013,65.97583333,1,sky is clear
230,5/19/2013,59.73625,93,overcast clouds
231,5/20/2013,56.84309524,98,overcast clouds
232,5/21/2013,63.05242424,90,light rain
233,5/22/2013,73.44481481,23,few clouds
234,5/23/2013,70.00518519,85,overcast clouds
235,5/24/2013,71.36342857,74,broken clouds
236,5/25/2013,59.07777778,90,thunderstorm with light rain
237,5/26/2013,48.33333333,91,overcast clouds
238,5/27/2013,55.33625,72,broken clouds
239,5/28/2013,60.18833333,0,sky is clear
240,5/29/2013,59.19787879,76,broken clouds
241,5/30/2013,63.55512821,90,light rain
242,5/31/2013,80.56583333,61,broken clouds
243,6/1/2013,81.56333333,19,few clouds
244,6/2/2013,80.34666667,0,sky is clear
245,6/3/2013,79.51208333,20,few clouds
246,6/4/2013,71.9,98,overcast clouds
247,6/5/2013,67.05166667,99,overcast clouds
248,6/6/2013,65.19416667,0,Sky is Clear
249,6/7/2013,63.03541667,0,Sky is Clear
250,6/8/2013,61.13025641,92,light rain
251,6/9/2013,63.0727027,92,heavy intensity rain
252,6/10/2013,71.01583333,0,Sky is Clear
253,6/11/2013,66.64757576,8,sky is clear
254,6/12/2013,68.49918919,92,moderate rain
255,6/13/2013,71.32958333,32,scattered clouds
256,6/14/2013,63.85125,24,few clouds
257,6/15/2013,60.125,90,heavy intensity rain
258,6/16/2013,69.79708333,32,heavy intensity rain
259,6/17/2013,70.3975,0,heavy intensity rain
260,6/18/2013,75.5816,92,heavy intensity rain
261,6/19/2013,72.425,0,heavy intensity rain
262,6/20/2013,67.91,90,very heavy rain
263,6/21/2013,68.45916667,0,very heavy rain
264,6/22/2013,70.5325,0,very heavy rain
265,6/23/2013,73.43208333,0,Sky is Clear
266,6/24/2013,77.12833333,8,sky is Clear
267,6/25/2013,80.91,12,few clouds
268,6/26/2013,80.65416667,0,Sky is Clear
269,6/27/2013,80.65916667,44,scattered clouds
270,6/28/2013,77.38166667,76,heavy intensity rain
271,6/29/2013,77.03925926,76,broken clouds
272,6/30/2013,75.81291667,76,light rain
273,7/1/2013,75.6896,32,scattered clouds
274,7/2/2013,74.57882353,90,haze
275,7/3/2013,76.58375,90,overcast clouds
276,7/4/2013,77.24192308,40,thunderstorm with rain
277,7/5/2013,81.24458333,90,overcast clouds
278,7/6/2013,83.15791667,0,Sky is Clear
279,7/7/2013,85.36583333,0,Sky is Clear
280,7/8/2013,85.99166667,64,broken clouds
281,7/9/2013,81.7084,0,Sky is Clear
282,7/10/2013,80.92583333,20,moderate rain
283,7/11/2013,80.36769231,36,scattered clouds
284,7/12/2013,80.50333333,40,scattered clouds
285,7/13/2013,74.3496,36,moderate rain
286,7/14/2013,73.24179487,90,moderate rain
287,7/15/2013,78.81035714,90,light rain
288,7/16/2013,85.01708333,12,few clouds
289,7/17/2013,85.24708333,0,light rain
290,7/18/2013,85.56291667,0,sky is Clear
291,7/19/2013,87.55833333,0,Sky is Clear
292,7/20/2013,88.78666667,8,sky is clear
293,7/21/2013,86.6128,48,scattered clouds
294,7/22/2013,80.81208333,56,broken clouds
295,7/23/2013,77.64357143,80,broken clouds
296,7/24/2013,78.05121212,92,moderate rain
297,7/25/2013,78.0825,92,light rain
298,7/26/2013,66.9875,92,overcast clouds
299,7/27/2013,71.53416667,100,moderate rain
300,7/28/2013,74.83916667,0,Sky is Clear
301,7/29/2013,72.58222222,20,few clouds
302,7/30/2013,75.44233333,90,moderate rain
303,7/31/2013,73.52166667,0,Sky is Clear
304,8/1/2013,73.18375,32,scattered clouds
305,8/2/2013,70.21363636,76,broken clouds
306,8/3/2013,74.11931034,90,heavy intensity rain
307,8/4/2013,72.60708333,48,light rain
308,8/5/2013,72.62958333,8,sky is clear
309,8/6/2013,69.81458333,0,Sky is Clear
310,8/7/2013,70.77333333,0,Sky is Clear
311,8/8/2013,72.07625,0,Sky is Clear
312,8/9/2013,74.07206897,90,overcast clouds
313,8/10/2013,76.24481481,100,light rain
314,8/11/2013,76.9548,56,light rain
315,8/12/2013,72.15625,8,sky is clear
316,8/13/2013,73.01615385,76,broken clouds
317,8/14/2013,70.7162963,32,scattered clouds
318,8/15/2013,67.9,92,moderate rain
319,8/16/2013,65.48375,0,Sky is Clear
320,8/17/2013,67.04041667,0,Sky is Clear
321,8/18/2013,70.24125,92,overcast clouds
322,8/19/2013,69.53958333,68,broken clouds
323,8/20/2013,70.49791667,92,overcast clouds
324,8/21/2013,73.82692308,0,Sky is Clear
325,8/22/2013,77.47083333,88,overcast clouds
326,8/23/2013,73.99441176,8,sky is clear
327,8/24/2013,74.15875,32,scattered clouds
328,8/25/2013,70.32583333,18,few clouds
329,8/26/2013,69.91041667,0,Sky is Clear
330,8/27/2013,73.27541667,32,scattered clouds
331,8/28/2013,76.6916,96,light rain
332,8/29/2013,74.91741935,12,few clouds
333,8/30/2013,73.11724138,92,mist
334,8/31/2013,76.38625,80,broken clouds
335,9/1/2013,79.3775,60,broken clouds
336,9/2/2013,76.09612903,76,broken clouds
337,9/3/2013,72.24076923,24,few clouds
338,9/4/2013,72.03041667,0,sky is Clear
339,9/5/2013,71.04125,0,Sky is Clear
340,9/6/2013,62.18916667,0,sky is Clear
341,9/7/2013,61.16583333,0,Sky is Clear
342,9/8/2013,69.99666667,53,broken clouds
343,9/9/2013,64.01625,0,Sky is Clear
344,9/10/2013,73.1725,36,scattered clouds
345,9/11/2013,82.06625,0,sky is Clear
346,9/12/2013,79.85708333,0,sky is Clear
347,9/13/2013,69.7764,72,broken clouds
348,9/14/2013,58.8425,0,Sky is Clear
349,9/15/2013,57.90458333,0,Sky is Clear
350,9/16/2013,61.93083333,75,broken clouds
351,9/17/2013,56.84958333,56,broken clouds
352,9/18/2013,55.98208333,0,sky is Clear
353,9/19/2013,60.62458333,0,Sky is Clear
354,9/20/2013,61.82125,0,Sky is Clear
355,9/21/2013,62.5704,0,sky is Clear
356,9/22/2013,64.52392857,48,scattered clouds
357,9/23/2013,56.45708333,0,sky is Clear
358,9/24/2013,56.48125,0,light rain
359,9/25/2013,60.56583333,0,Sky is Clear
360,9/26/2013,59.85416667,88,overcast clouds
361,9/27/2013,59.39125,0,sky is Clear
362,9/28/2013,62.37333333,0,Sky is Clear
363,9/29/2013,59.54166667,0,Sky is Clear
364,9/30/2013,58.64041667,0,Sky is Clear
365,10/1/2013,64.904,0,sky is Clear
366,10/2/2013,69.47833333,8,sky is Clear
367,10/3/2013,68.89958333,10,sky is Clear
368,10/4/2013,70.58333333,56,broken clouds
369,10/5/2013,68.27807692,20,light rain
370,10/6/2013,66.54878788,92,overcast clouds
371,10/7/2013,68.92482759,92,haze
372,10/8/2013,58.13,92,light rain
373,10/9/2013,54.54083333,12,few clouds
374,10/10/2013,55.79416667,88,overcast clouds
375,10/11/2013,61.9952,92,overcast clouds
376,10/12/2013,64.66708333,92,overcast clouds
377,10/13/2013,59.89791667,0,Sky is Clear
378,10/14/2013,56.51666667,0,sky is Clear
379,10/15/2013,57.37833333,0,Sky is Clear
380,10/16/2013,58.57791667,44,scattered clouds
381,10/17/2013,64.0332,76,broken clouds
382,10/18/2013,63,92,light rain
383,10/19/2013,55.30458333,0,sky is Clear
384,10/20/2013,54.91083333,92,overcast clouds
385,10/21/2013,54.14541667,0,sky is Clear
386,10/22/2013,54.9025,0,Sky is Clear
387,10/23/2013,50.83125,0,sky is Clear
388,10/24/2013,45.16666667,0,sky is Clear
389,10/25/2013,44.84958333,0,Sky is Clear
390,10/26/2013,44.05666667,0,Sky is Clear
391,10/27/2013,51.14583333,0,Sky is Clear
392,10/28/2013,47.90166667,10,sky is Clear
393,10/29/2013,48.68958333,16,few clouds
394,10/30/2013,50.73833333,40,scattered clouds
395,10/31/2013,56.56791667,44,scattered clouds
396,11/1/2013,67.05791667,84,broken clouds
397,11/2/2013,58.0425,38,scattered clouds
398,11/3/2013,49.82541667,44,scattered clouds
399,11/4/2013,39.41,0,sky is Clear
400,11/5/2013,45.37333333,28,scattered clouds
401,11/6/2013,51.49958333,50,scattered clouds
402,11/7/2013,57.45730769,0,Sky is Clear
403,11/8/2013,44.44083333,0,Sky is Clear
404,11/9/2013,43.06125,0,sky is Clear
405,11/10/2013,48.89458333,0,Sky is Clear
406,11/11/2013,47.57208333,0,Sky is Clear
407,11/12/2013,41.48571429,0,Sky is Clear
408,11/13/2013,32.48833333,0,Sky is Clear
409,11/14/2013,38.57916667,0,Sky is Clear
410,11/15/2013,44.91041667,0,Sky is Clear
411,11/16/2013,48.17541667,0,Sky is Clear
412,11/17/2013,52.40709677,0,Sky is Clear
413,11/18/2013,60.2,90,fog
414,11/19/2013,47.6125,0,Sky is Clear
415,11/20/2013,36.98583333,0,Sky is Clear
416,11/21/2013,36.36625,0,Sky is Clear
417,11/22/2013,50.16296296,0,Sky is Clear
418,11/23/2013,45.51208333,0,Sky is Clear
419,11/24/2013,27.37375,0,Sky is Clear
420,11/25/2013,29.965,0,Sky is Clear
421,11/26/2013,39.0312,0,Sky is Clear
422,11/27/2013,48.41525,0,light rain
423,11/28/2013,40.3432,0,light rain
424,11/29/2013,39.43541667,0,Sky is Clear
425,11/30/2013,31.89916667,0,Sky is Clear
426,12/1/2013,39.64333333,0,Sky is Clear
427,12/2/2013,42.67416667,0,Sky is Clear
428,12/3/2013,41.98291667,0,Sky is Clear
429,12/4/2013,42.17875,0,Sky is Clear
430,12/5/2013,49.32738095,0,Sky is Clear
431,12/6/2013,52.16659574,0,sky is Clear
432,12/7/2013,38.3930303,0,moderate rain
433,12/8/2013,35.96269231,0,sky is Clear
434,12/9/2013,34.14763636,0,light rain
435,12/10/2013,37.35212121,0,sky is Clear
436,12/11/2013,28.41,0,sky is Clear
437,12/12/2013,25.48666667,0,Sky is Clear
438,12/13/2013,27.28125,0,Sky is Clear
439,12/14/2013,24.86137931,0,Sky is Clear
440,12/15/2013,29.0427027,0,snow
441,12/16/2013,28.80791667,0,light rain
442,12/17/2013,24.98595238,0,Sky is Clear
443,12/18/2013,26.78,0,sky is Clear
444,12/19/2013,38.39791667,0,sky is Clear
445,12/20/2013,41.0925,0,light rain
446,12/21/2013,49.2875,0,light rain
447,12/22/2013,60.015,0,sky is Clear
448,12/23/2013,57.11171429,0,sky is Clear
449,12/24/2013,38.27083333,0,light rain
450,12/25/2013,24.45541667,0,sky is Clear
451,12/26/2013,29.47,0,sky is Clear
452,12/27/2013,32.72791667,0,Sky is Clear
453,12/28/2013,38.19125,0,sky is Clear
454,12/29/2013,41.72965517,0,sky is Clear
455,12/30/2013,38.68714286,0,light rain
456,12/31/2013,24.8125,0,Sky is Clear
457,1/1/2014,27.13791667,20,few clouds
458,1/2/2014,28.3812,0,Sky is Clear
459,1/3/2014,15.38190476,45,light rain
460,1/4/2014,12.81416667,0,Sky is Clear
461,1/5/2014,24.76939394,0,sky is Clear
462,1/6/2014,44.31340426,0,light rain
463,1/7/2014,12.79166667,0,Sky is Clear
464,1/8/2014,12.09916667,0,Sky is Clear
465,1/9/2014,23.51416667,0,Sky is Clear
466,1/10/2014,29.82564103,0,sky is Clear
467,1/11/2014,44.2068254,0,light intensity drizzle
468,1/12/2014,46.7368,45,light rain
469,1/13/2014,39.08958333,0,sky is Clear
470,1/14/2014,44.8275,0,sky is Clear
471,1/15/2014,37.91472222,0,Sky is Clear
472,1/16/2014,38.5544,0,mist
473,1/17/2014,46.7775,0,sky is Clear
474,1/18/2014,52.96,0,Sky is Clear
475,1/19/2014,38.89708333,0,Sky is Clear
476,1/20/2014,37.66583333,0,Sky is Clear
477,1/21/2014,22.39742857,0,sky is Clear
478,1/22/2014,10.89,0,sky is Clear
479,1/23/2014,11.35,0,sky is Clear
480,1/24/2014,13.82541667,0,sky is Clear
481,1/25/2014,21.34484848,0,sky is Clear
482,1/26/2014,20.2024,0,haze
483,1/27/2014,29.60708333,90,overcast clouds
484,1/28/2014,17.10958333,75,broken clouds
485,1/29/2014,16.50666667,90,overcast clouds
486,1/30/2014,17.86833333,1,sky is clear
487,1/31/2014,24.72916667,4,sky is Clear
488,2/1/2014,32.47041667,48,scattered clouds
489,2/2/2014,38.4025,22,few clouds
490,2/3/2014,35.18791667,75,broken clouds
491,2/4/2014,26.57291667,90,light rain
492,2/5/2014,30.55416667,75,broken clouds
493,2/6/2014,26.65,90,light rain
494,2/7/2014,25.6025,75,broken clouds
495,2/8/2014,24.2775,75,broken clouds
496,2/9/2014,23.37208333,75,broken clouds
497,2/10/2014,23.91666667,90,light rain
498,2/11/2014,18.81291667,40,scattered clouds
499,2/12/2014,16.98291667,20,few clouds
500,2/13/2014,27.16666667,90,overcast clouds
501,2/14/2014,34.28916667,90,light rain
502,2/15/2014,32.02625,40,light rain
503,2/16/2014,25.37166667,90,light rain
504,2/17/2014,23.02333333,90,overcast clouds
505,2/18/2014,28.10166667,75,broken clouds
506,2/19/2014,31.65458333,40,scattered clouds
507,2/20/2014,39.96458333,75,broken clouds
508,2/21/2014,38.15666667,90,overcast clouds
509,2/22/2014,40.33291667,90,overcast clouds
510,2/23/2014,42.11958333,40,scattered clouds
511,2/24/2014,38.37875,90,overcast clouds
512,2/25/2014,27.185,40,scattered clouds
513,2/26/2014,25.61125,40,scattered clouds
514,2/27/2014,20.615,20,few clouds
515,2/28/2014,15.83375,40,scattered clouds
516,3/1/2014,22.09125,20,few clouds
517,3/2/2014,35.02541667,90,overcast clouds
518,3/3/2014,24.72208333,90,overcast clouds
519,3/4/2014,17.32458333,75,broken clouds
520,3/5/2014,28.8075,67,broken clouds
521,3/6/2014,23.63166667,40,scattered clouds
522,3/7/2014,28.72625,75,broken clouds
523,3/8/2014,41.15291667,75,broken clouds
524,3/9/2014,40.6475,75,broken clouds
525,3/10/2014,40.49125,75,broken clouds
526,3/11/2014,48.62958333,75,broken clouds
527,3/12/2014,47.71708333,75,broken clouds
528,3/13/2014,27.5725,90,moderate rain
529,3/14/2014,28.6475,20,few clouds
530,3/15/2014,47.19291667,75,broken clouds
531,3/16/2014,37.24666667,40,scattered clouds
532,3/17/2014,27.75333333,90,overcast clouds
533,3/18/2014,31.53,75,broken clouds
534,3/19/2014,34.3225,20,few clouds
535,3/20/2014,44.47625,90,moderate rain
536,3/21/2014,43.05541667,40,scattered clouds
537,3/22/2014,45.64083333,20,few clouds
538,3/23/2014,40.6325,40,scattered clouds
539,3/24/2014,27.305,75,broken clouds
540,3/25/2014,29.23541667,75,broken clouds
541,3/26/2014,32.37333333,90,overcast clouds
542,3/27/2014,29.54,20,few clouds
543,3/28/2014,42.76125,75,light rain
544,3/29/2014,47.2975,90,overcast clouds
545,3/30/2014,44.79583333,90,moderate rain
546,3/31/2014,42.46583333,90,moderate rain
547,4/1/2014,45.41833333,40,scattered clouds
548,4/2/2014,44.37916667,40,scattered clouds
549,4/3/2014,50.105,75,broken clouds
550,4/4/2014,43.69541667,90,overcast clouds
551,4/5/2014,44.74,90,moderate rain
552,4/6/2014,44.49833333,40,scattered clouds
553,4/7/2014,43.72458333,75,broken clouds
554,4/8/2014,51.96291667,90,moderate rain
555,4/9/2014,51.17458333,40,scattered clouds
556,4/10/2014,48.76041667,20,few clouds
557,4/11/2014,59.28875,75,broken clouds
558,4/12/2014,59.16708333,90,overcast clouds
559,4/13/2014,60.67208333,75,broken clouds
560,4/14/2014,67.1875,75,broken clouds
561,4/15/2014,60.54875,90,overcast clouds
562,4/16/2014,37.74333333,90,light rain
563,4/17/2014,40.19041667,40,light rain
564,4/18/2014,40.07791667,75,broken clouds
565,4/19/2014,50.2575,90,overcast clouds
566,4/20/2014,50.68,75,broken clouds
567,4/21/2014,48.80666667,40,scattered clouds
568,4/22/2014,56.08125,40,scattered clouds
569,4/23/2014,54.7375,90,overcast clouds
570,4/24/2014,49.32541667,75,broken clouds
571,4/25/2014,51.71041667,20,few clouds
572,4/26/2014,52.40125,90,light rain
573,4/27/2014,50.73208333,90,moderate rain
574,4/28/2014,52.7,75,broken clouds
575,4/29/2014,50.09583333,90,overcast clouds
576,4/30/2014,45.59416667,96,light rain
577,5/1/2014,58.92916667,96,moderate rain
578,5/2/2014,57.71666667,38,scattered clouds
579,5/3/2014,56.59125,22,few clouds
580,5/4/2014,58.18833333,60,broken clouds
581,5/5/2014,57.70208333,0,Sky is Clear
582,5/6/2014,58.5425,68,light rain
583,5/7/2014,57.47583333,0,Sky is Clear
584,5/8/2014,54.86309524,88,overcast clouds
585,5/9/2014,57.26145455,36,mist
586,5/10/2014,62.44333333,92,light rain
587,5/11/2014,69.40041667,92,light rain
588,5/12/2014,69.995,0,Sky is Clear
589,5/13/2014,66.74083333,92,moderate rain
590,5/14/2014,57.08041667,44,scattered clouds
591,5/15/2014,62.36965517,92,light rain
592,5/16/2014,65.83659091,92,mist
593,5/17/2014,61.6262069,92,light rain
594,5/18/2014,58.47166667,0,light rain
595,5/19/2014,58.86958333,0,Sky is Clear
596,5/20/2014,64.44,24,few clouds
597,5/21/2014,68.73291667,92,overcast clouds
598,5/22/2014,63.64734694,92,overcast clouds
599,5/23/2014,61.886,92,mist
600,5/24/2014,60.91771429,76,thunderstorm
601,5/25/2014,61.97028571,8,moderate rain
602,5/26/2014,71.79083333,75,broken clouds
603,5/27/2014,76.38666667,75,light rain
604,5/28/2014,62.27625,90,overcast clouds
605,5/29/2014,56.59708333,90,overcast clouds
606,5/30/2014,62.38458333,75,broken clouds
607,5/31/2014,63.21708333,75,moderate rain
608,6/1/2014,63.33208333,75,broken clouds
609,6/2/2014,68.22541667,0,Sky is Clear
610,6/3/2014,74.56066667,0,Sky is Clear
611,6/4/2014,69.145,44,moderate rain
612,6/5/2014,66.41375,76,broken clouds
613,6/6/2014,67.59791667,32,light rain
614,6/7/2014,69.82666667,0,light rain
615,6/8/2014,73.21541667,0,Sky is Clear
616,6/9/2014,66.51375,12,few clouds
617,6/10/2014,67.82190476,92,mist
618,6/11/2014,66.7134375,80,haze
619,6/12/2014,63.76590909,88,overcast clouds
620,6/13/2014,67.57030303,92,light rain
621,6/14/2014,68.49228571,88,heavy intensity rain
622,6/15/2014,66.725,0,Sky is Clear
623,6/16/2014,70.84541667,0,Sky is Clear
624,6/17/2014,76.62083333,76,broken clouds
625,6/18/2014,83.0304,0,Sky is Clear
626,6/19/2014,72.845,0,Sky is Clear
627,6/20/2014,71.32875,24,few clouds
628,6/21/2014,69.6675,8,sky is clear
629,6/22/2014,68.6192,0,Sky is Clear
630,6/23/2014,70.99791667,68,broken clouds
631,6/24/2014,72.79958333,44,very heavy rain
632,6/25/2014,74.92407407,0,Sky is Clear
633,6/26/2014,75.7940625,80,light rain
634,6/27/2014,75.29875,44,scattered clouds
635,6/28/2014,74.92291667,48,scattered clouds
636,6/29/2014,74.52125,32,scattered clouds
637,6/30/2014,75.47541667,48,scattered clouds
638,7/1/2014,79.835,0,Sky is Clear
639,7/2/2014,81.67071429,20,few clouds
640,7/3/2014,77.28894737,56,moderate rain
641,7/4/2014,71.58181818,80,heavy intensity rain
642,7/5/2014,71.48708333,36,moderate rain
643,7/6/2014,75.71541667,20,few clouds
644,7/7/2014,80.45583333,75,broken clouds
645,7/8/2014,81.87535714,40,scattered clouds
646,7/9/2014,79.99333333,75,broken clouds
647,7/10/2014,75.44416667,75,dust
648,7/11/2014,76.09666667,75,broken clouds
649,7/12/2014,75.74884615,75,broken clouds
650,7/13/2014,76.99291667,40,scattered clouds
651,7/14/2014,76.88419355,75,broken clouds
652,7/15/2014,76.62666667,90,thunderstorm with heavy rain
653,7/16/2014,73.692,90,thunderstorm with heavy rain
654,7/17/2014,72.47083333,75,broken clouds
655,7/18/2014,71.2852,40,scattered clouds
656,7/19/2014,70.90041667,75,broken clouds
657,7/20/2014,71.1075,75,broken clouds
658,7/21/2014,72.00708333,20,few clouds
659,7/22/2014,76.54541667,20,few clouds
660,7/23/2014,79.52708333,20,few clouds
661,7/24/2014,76.46555556,90,thunderstorm
662,7/25/2014,73.25625,66,broken clouds
663,7/26/2014,72.84666667,40,scattered clouds
664,7/27/2014,75.82814815,75,broken clouds
665,7/28/2014,75.696,92,overcast clouds
666,7/29/2014,68.60208333,75,light rain
667,7/30/2014,68.30916667,75,broken clouds
668,7/31/2014,70.1692,20,few clouds
669,8/1/2014,73.11375,75,broken clouds
670,8/2/2014,68.71857143,88,overcast clouds
671,8/3/2014,68.01645161,75,broken clouds
672,8/4/2014,73.795,75,broken clouds
673,8/5/2014,74.97357143,75,broken clouds
674,8/6/2014,74.6276,40,light rain
675,8/7/2014,71.52833333,40,scattered clouds
676,8/8/2014,69.90458333,40,dust
677,8/9/2014,71.42458333,20,few clouds
678,8/10/2014,74.21444444,40,scattered clouds
679,8/11/2014,74.81185185,75,scattered clouds
680,8/12/2014,70.30375,64,broken clouds
681,8/13/2014,71.43,92,light rain
682,8/14/2014,67.54423077,0,Sky is Clear
683,8/15/2014,67.15583333,88,overcast clouds
684,8/16/2014,68.5212,76,broken clouds
685,8/17/2014,69.2528125,12,few clouds
686,8/18/2014,69.74076923,0,Sky is Clear
687,8/19/2014,69.33055556,0,Sky is Clear
688,8/20/2014,72.54783784,1,sky is clear
689,8/21/2014,71.73807018,75,broken clouds
690,8/22/2014,68.71209677,75,thunderstorm with heavy rain
691,8/23/2014,68.159,90,overcast clouds
692,8/24/2014,67.77209302,75,broken clouds
693,8/25/2014,68.32636364,40,scattered clouds
694,8/26/2014,73.02166667,40,scattered clouds
695,8/27/2014,75.14575,40,scattered clouds
696,8/28/2014,74.31727273,40,mist
697,8/29/2014,67.21952381,40,scattered clouds
698,8/30/2014,67.88142857,75,broken clouds
699,8/31/2014,76.69233333,90,overcast clouds
700,9/1/2014,77.0109434,90,heavy intensity rain
701,9/2/2014,78.24672727,75,light rain
702,9/3/2014,77.838,40,scattered clouds
703,9/4/2014,74.32238095,40,scattered clouds
704,9/5/2014,75.20980769,40,scattered clouds
705,9/6/2014,78.86102041,40,scattered clouds
706,9/7/2014,69.37772727,75,light rain
707,9/8/2014,65.94707317,75,broken clouds
708,9/9/2014,66.05657143,75,broken clouds
709,9/10/2014,68.15566038,90,overcast clouds
710,9/11/2014,71.35272727,75,broken clouds
711,9/12/2014,67.6325,75,scattered clouds
712,9/13/2014,61.51921569,76,broken clouds
713,9/14/2014,58.42809524,90,light rain
714,9/15/2014,58.383,75,broken clouds
715,9/16/2014,60.12173913,75,broken clouds
716,9/17/2014,58.08021277,40,scattered clouds
717,9/18/2014,59.11138889,40,scattered clouds
718,9/19/2014,59.17641026,40,scattered clouds
719,9/20/2014,62.62621622,40,scattered clouds
720,9/21/2014,67.97965517,40,scattered clouds
721,9/22/2014,65.83133333,75,mist
722,9/23/2014,54.93969697,40,scattered clouds
723,9/24/2014,60.42208333,20,few clouds
724,9/25/2014,60.77078947,75,broken clouds
725,9/26/2014,63.45625,75,broken clouds
726,9/27/2014,65.69230769,20,few clouds
727,9/28/2014,65.88032258,1,sky is clear
728,9/29/2014,67.1604,75,broken clouds
729,9/30/2014,66.72571429,90,light rain
730,10/1/2014,62.56304348,90,overcast clouds
731,10/2/2014,62.79068966,90,overcast clouds
732,10/3/2014,61.6646875,90,overcast clouds
733,10/4/2014,63.68425,75,broken clouds
734,10/5/2014,51.54833333,40,scattered clouds
735,10/6/2014,53.7908,40,scattered clouds
736,10/7/2014,65.0664,40,scattered clouds
737,10/8/2014,65.57966667,90,overcast clouds
738,10/9/2014,59.02041667,40,scattered clouds
739,10/10/2014,54.76875,75,broken clouds
740,10/11/2014,53.04090909,90,overcast clouds
741,10/12/2014,48.75529412,75,mist
742,10/13/2014,55.60970588,40,scattered clouds
743,10/14/2014,64.75977273,90,light intensity drizzle
744,10/15/2014,71.919,75,broken clouds
745,10/16/2014,69.07487805,75,light rain
746,10/17/2014,62.13115385,40,scattered clouds
747,10/18/2014,60.77833333,40,scattered clouds
748,10/19/2014,53.25541667,75,broken clouds
749,10/20/2014,46.01041667,20,few clouds
750,10/21/2014,55.87185185,75,broken clouds
751,10/22/2014,54.75804348,90,moderate rain
752,10/23/2014,52.0247619,90,heavy intensity rain
753,10/24/2014,55.44916667,90,overcast clouds
754,10/25/2014,56.41916667,75,broken clouds
755,10/26/2014,57.53125,75,broken clouds
756,10/27/2014,54.62,75,broken clouds
757,10/28/2014,55.425,75,broken clouds
758,10/29/2014,58.04181818,75,broken clouds
759,10/30/2014,49.7159375,75,mist
760,10/31/2014,44.554,20,few clouds
761,11/1/2014,46.95806452,90,overcast clouds
762,11/2/2014,43.79769231,90,moderate rain
763,11/3/2014,46.20166667,20,few clouds
764,11/4/2014,55.875,40,scattered clouds
765,11/5/2014,57.18125,75,broken clouds
766,11/6/2014,48.95804878,90,overcast clouds
767,11/7/2014,48.0515625,90,mist
768,11/8/2014,39.70916667,40,scattered clouds
769,11/9/2014,48.1776,59,broken clouds
770,11/10/2014,45.77125,75,broken clouds
771,11/11/2014,50.4264,40,scattered clouds
772,11/12/2014,56.66387097,75,broken clouds
773,11/13/2014,42.6808,1,sky is Clear
774,11/14/2014,37.17,90,light rain
775,11/15/2014,32.00791667,1,sky is clear
776,11/16/2014,32.8444,30,scattered clouds
777,11/17/2014,41.33714286,90,overcast clouds
778,11/18/2014,35.1956,90,mist
779,11/19/2014,25.23958333,40,scattered clouds
780,11/20/2014,34.21541667,47,scattered clouds
781,11/21/2014,31.05666667,20,few clouds
782,11/22/2014,29.7416,10,sky is Clear
783,11/23/2014,45.408,75,broken clouds
784,11/24/2014,56.911875,36,moderate rain
785,11/25/2014,57.65041667,10,sky is Clear
786,11/26/2014,38.88485714,75,broken clouds
787,11/27/2014,35.53033333,90,overcast clouds
788,11/28/2014,31.82666667,90,overcast clouds
789,11/29/2014,27.09416667,20,few clouds
790,11/30/2014,41.5268,90,overcast clouds
791,12/1/2014,49.4736,90,haze
792,12/2/2014,37.87135135,90,moderate rain
793,12/3/2014,41.58836364,90,haze
794,12/4/2014,39.1875,40,scattered clouds
795,12/5/2014,36.06633333,75,broken clouds
796,12/6/2014,41.64315789,90,moderate rain
797,12/7/2014,39.74258065,90,moderate rain
798,12/8/2014,28.25807692,1,sky is clear
799,12/9/2014,37.7604878,90,overcast clouds
800,12/10/2014,37.98069767,90,light intensity drizzle
801,12/11/2014,32.91636364,90,snow
802,12/12/2014,33.72375,75,broken clouds
803,12/13/2014,37.05875,75,mist
804,12/14/2014,39.9412,75,broken clouds
805,12/15/2014,39.83,20,mist
806,12/16/2014,40.07138889,20,light rain
807,12/17/2014,44.95782609,90,moderate rain
808,12/18/2014,39.4796,90,overcast clouds
809,12/19/2014,35.98166667,75,broken clouds
810,12/20/2014,31.1425,90,overcast clouds
811,12/21/2014,32.57777778,90,overcast clouds
812,12/22/2014,37.03219512,90,mist
813,12/23/2014,44.92,90,overcast clouds
814,12/24/2014,46.21920635,90,light intensity drizzle
815,12/25/2014,53.7116,90,light rain
816,12/26/2014,40.49791667,20,few clouds
817,12/27/2014,39.64833333,0,Sky is Clear
818,12/28/2014,41.76916667,0,Sky is Clear
819,12/29/2014,38.22375,92,overcast clouds
820,12/30/2014,29.05625,62,broken clouds
821,12/31/2014,23.17041667,0,Sky is Clear
822,1/1/2015,24.75541667,0,Sky is Clear
823,1/2/2015,33.825,0,Sky is Clear
824,1/3/2015,27.48625,0,Sky is Clear
825,1/4/2015,41.38166667,92,moderate rain
826,1/5/2015,39.61666667,92,light rain
827,1/6/2015,20.4325,0,Sky is Clear
828,1/7/2015,18.27416667,32,scattered clouds
829,1/8/2015,12.4675,12,few clouds
830,1/9/2015,21.68083333,0,Sky is Clear
831,1/10/2015,15.88958333,0,Sky is Clear
832,1/11/2015,15.40541667,0,Sky is Clear
833,1/12/2015,27.69541667,44,scattered clouds
834,1/13/2015,27.27666667,76,broken clouds
835,1/14/2015,17.09583333,8,sky is clear
836,1/15/2015,20.12291667,76,broken clouds
837,1/16/2015,24.64416667,0,Sky is Clear
838,1/17/2015,17.37791667,32,scattered clouds
839,1/18/2015,26.26875,20,few clouds
840,1/19/2015,33.47,88,moderate rain
841,1/20/2015,27.97875,0,Sky is Clear
842,1/21/2015,22.76791667,0,Sky is Clear
843,1/22/2015,27.15708333,76,broken clouds
844,1/23/2015,24.87416667,0,sky is Clear
845,1/24/2015,30.30416667,68,broken clouds
846,1/25/2015,31.12708333,40,light rain
847,1/26/2015,22.62125,0,Sky is Clear
848,1/27/2015,24.88291667,92,light snow
849,1/28/2015,20.43791667,88,overcast clouds
850,1/29/2015,14.30791667,0,sky is Clear
851,1/30/2015,28.82875,92,overcast clouds
852,1/31/2015,19.3525,26,scattered clouds
853,2/1/2015,20.82958333,0,Sky is Clear
854,2/2/2015,30.34041667,77,broken clouds
855,2/3/2015,20.41791667,46,sky is Clear
856,2/4/2015,19.97416667,0,Sky is Clear
857,2/5/2015,26.63958333,8,sky is clear
858,2/6/2015,13.30708333,0,Sky is Clear
859,2/7/2015,17.80833333,8,sky is clear
860,2/8/2015,28.215,58,broken clouds
861,2/9/2015,34.27208333,80,broken clouds
862,2/10/2015,32.49333333,92,overcast clouds
863,2/11/2015,24.73708333,0,sky is Clear
864,2/12/2015,22.91041667,44,scattered clouds
865,2/13/2015,16.09458333,0,Sky is Clear
866,2/14/2015,12.14166667,0,Sky is Clear
867,2/15/2015,16.49291667,32,scattered clouds
868,2/16/2015,10.5925,0,light snow
869,2/17/2015,13.77708333,48,scattered clouds
870,2/18/2015,10.42875,0,Sky is Clear
871,2/19/2015,14.34416667,68,broken clouds
872,2/20/2015,7.0675,20,few clouds
873,2/21/2015,6.565416667,0,Sky is Clear
874,2/22/2015,33.78416667,92,overcast clouds
875,2/23/2015,25.29125,48,scattered clouds
876,2/24/2015,8.015416667,0,Sky is Clear
877,2/25/2015,16.95,44,scattered clouds
878,2/26/2015,16.48541667,0,Sky is Clear
879,2/27/2015,18.08125,73,broken clouds
880,2/28/2015,12.81125,0,Sky is Clear
881,3/1/2015,14.22541667,0,Sky is Clear
882,3/2/2015,29.18875,92,overcast clouds
883,3/3/2015,21.19416667,0,sky is Clear
884,3/4/2015,37.68761905,92,overcast clouds
885,3/5/2015,31.13459016,90,overcast clouds
886,3/6/2015,18.46178571,90,light snow
887,3/7/2015,22.9412,57,broken clouds
888,3/8/2015,36.76916667,75,broken clouds
889,3/9/2015,39.59833333,20,few clouds
890,3/10/2015,35.50958333,20,few clouds
891,3/11/2015,43.44166667,84,moderate rain
892,3/12/2015,37.25041667,38,scattered clouds
893,3/13/2015,31.62333333,0,sky is Clear
894,3/14/2015,39.62583333,84,broken clouds
895,3/15/2015,40.87875,86,light rain
896,3/16/2015,38.60166667,22,few clouds
897,3/17/2015,43.58416667,46,scattered clouds
898,3/18/2015,33.11833333,12,few clouds
899,3/19/2015,32.20291667,10,sky is Clear
900,3/20/2015,30.48923077,0,sky is Clear
901,3/21/2015,32.05875,92,light snow
902,3/22/2015,33.67125,0,sky is Clear
903,3/23/2015,29.03958333,0,sky is Clear
904,3/24/2015,29.63625,6,sky is Clear
905,3/25/2015,32.83916667,4,sky is Clear
906,3/26/2015,43.47791667,92,light rain
907,3/27/2015,43.81375,92,light rain
908,3/28/2015,35.35916667,92,overcast clouds
909,3/29/2015,32.77708333,84,broken clouds
910,3/30/2015,37.93583333,0,Sky is Clear
911,3/31/2015,41.73625,18,light snow
912,4/1/2015,37.63458333,40,light rain
913,4/2/2015,41.98458333,0,sky is Clear
914,4/3/2015,57.84916667,12,few clouds
915,4/4/2015,49.39458333,86,overcast clouds
916,4/5/2015,44.7475,0,sky is Clear
917,4/6/2015,48.17375,68,broken clouds
918,4/7/2015,54.98625,10,sky is Clear
919,4/8/2015,42.61083333,92,light rain
920,4/9/2015,40.56625,92,light rain
921,4/10/2015,46.14208333,92,light rain
922,4/11/2015,51.73625,58,broken clouds
923,4/12/2015,47.17041667,0,sky is Clear
924,4/13/2015,50.17583333,0,sky is Clear
925,4/14/2015,58.14333333,0,sky is Clear
926,4/15/2015,52.89958333,92,overcast clouds
927,4/16/2015,52.37208333,20,few clouds
928,4/17/2015,56.31125,68,broken clouds
929,4/18/2015,59.72416667,32,scattered clouds
930,4/19/2015,56.82208333,10,sky is Clear
931,4/20/2015,50.515,44,scattered clouds
932,4/21/2015,55.41041667,86,light rain
933,4/22/2015,50.58083333,0,Sky is Clear
934,4/23/2015,45.01458333,0,light rain
935,4/24/2015,40.81125,32,scattered clouds
936,4/25/2015,43.56291667,0,Sky is Clear
937,4/26/2015,49.34666667,80,broken clouds
938,4/27/2015,50.475,56,broken clouds
939,4/28/2015,55.26833333,38,scattered clouds
940,4/29/2015,61.54083333,68,broken clouds
941,4/30/2015,57.745,26,scattered clouds
942,5/1/2015,53.63416667,56,broken clouds
943,5/2/2015,56.26166667,76,broken clouds
944,5/3/2015,61.1125,88,overcast clouds
945,5/4/2015,67.01458333,8,sky is clear
946,5/5/2015,74.96375,0,Sky is Clear
947,5/6/2015,65.16125,12,few clouds
948,5/7/2015,66.135,76,broken clouds
949,5/8/2015,69.88666667,44,scattered clouds
950,5/9/2015,65.82291667,0,sky is Clear
951,5/10/2015,69.49458333,12,few clouds
952,5/11/2015,73.615,76,light rain
953,5/12/2015,73.23541667,76,broken clouds
954,5/13/2015,65.585,24,few clouds
955,5/14/2015,59.87791667,0,Sky is Clear
956,5/15/2015,60.26958333,0,Sky is Clear
957,5/16/2015,67.10166667,0,Sky is Clear
958,5/17/2015,69.55,92,light rain
959,5/18/2015,69.45666667,56,broken clouds
960,5/19/2015,62.11083333,0,Sky is Clear
961,5/20/2015,62.06958333,32,light rain
962,5/21/2015,54.20375,0,Sky is Clear
963,5/22/2015,57.16083333,56,broken clouds
964,5/23/2015,54.4425,0,Sky is Clear
965,5/24/2015,59.80375,0,Sky is Clear
966,5/25/2015,67.23875,0,Sky is Clear
967,5/26/2015,74.09333333,10,sky is Clear
968,5/27/2015,73.50458333,0,Sky is Clear
969,5/28/2015,71.6075,68,broken clouds
970,5/29/2015,68.7425,44,moderate rain
971,5/30/2015,69.46666667,0,Sky is Clear
972,5/31/2015,72.41666667,0,Sky is Clear
973,6/1/2015,56.97,68,moderate rain
974,6/2/2015,51.93725806,90,light rain
975,6/3/2015,56.409,90,light rain
976,6/4/2015,57.99458333,0,Sky is Clear
977,6/5/2015,60.39916667,64,broken clouds
978,6/6/2015,64.41166667,20,few clouds
979,6/7/2015,63.64458333,0,Sky is Clear
980,6/8/2015,66.17482759,0,Sky is Clear
981,6/9/2015,70.6576,40,heavy intensity rain
982,6/10/2015,71.3048,75,broken clouds
983,6/11/2015,76.68791667,40,scattered clouds
984,6/12/2015,75.39666667,8,moderate rain
985,6/13/2015,78.46541667,8,sky is clear
986,6/14/2015,73.94458333,20,few clouds
987,6/15/2015,73.98709091,24,few clouds
988,6/16/2015,69.91018182,90,light rain
989,6/17/2015,72.16423077,75,light rain
990,6/18/2015,67.20208333,1,light rain
991,6/19/2015,70.05958333,92,light rain
992,6/20/2015,67.50125,0,Sky is Clear
993,6/21/2015,71.74375,92,light rain
994,6/22/2015,74.00708333,68,broken clouds
995,6/23/2015,78.14125,0,Sky is Clear
996,6/24/2015,72.85958333,20,moderate rain
997,6/25/2015,71.89423077,0,Sky is Clear
998,6/26/2015,72.51166667,90,overcast clouds
999,6/27/2015,66.80928571,1,sky is clear
1000,6/28/2015,62.71882353,90,heavy intensity rain
1001,6/29/2015,68.44517241,90,mist
1002,6/30/2015,70.84,20,few clouds
1003,7/1/2015,73.32852941,75,broken clouds
1004,7/2/2015,71.86846154,20,few clouds
1005,7/3/2015,70.95791667,90,light rain
1006,7/4/2015,69.453,90,overcast clouds
1007,7/5/2015,70.08516129,90,overcast clouds
1008,7/6/2015,73.235,90,overcast clouds
1009,7/7/2015,77.53388889,75,broken clouds
1010,7/8/2015,77.90789474,20,few clouds
1011,7/9/2015,72.08026316,90,light rain
1012,7/10/2015,73.70441176,40,moderate rain
1013,7/11/2015,74.86916667,40,scattered clouds
1014,7/12/2015,74.62535714,1,sky is clear
1015,7/13/2015,76.40461538,20,few clouds
1016,7/14/2015,74.43606061,75,broken clouds
1017,7/15/2015,75.24704545,75,broken clouds
1018,7/16/2015,70.6852,75,broken clouds
1019,7/17/2015,70.17862069,20,light rain
1020,7/18/2015,74.69677419,75,broken clouds
1021,7/19/2015,81.74333333,1,sky is clear
1022,7/20/2015,84.42384615,1,sky is clear
1023,7/21/2015,80.14931034,20,few clouds
1024,7/22/2015,73.26103448,75,moderate rain
1025,7/23/2015,72.60625,1,sky is clear
1026,7/24/2015,73.41166667,1,sky is clear
1027,7/25/2015,74.12541667,40,scattered clouds
1028,7/26/2015,77.04958333,1,sky is clear
1029,7/27/2015,76.53382353,90,thunderstorm
1030,7/28/2015,77.9540625,75,broken clouds
1031,7/29/2015,82.13458333,20,few clouds
1032,7/30/2015,79.81571429,40,scattered clouds
1033,7/31/2015,76.1223913,75,light rain
1034,8/1/2015,78.225,5,sky is clear
1035,8/2/2015,76.84708333,1,sky is clear
1036,8/3/2015,78.23625,5,sky is clear
1037,8/4/2015,77.050625,1,sky is clear
1038,8/5/2015,75.86875,20,few clouds
1039,8/6/2015,72.42291667,1,sky is clear
1040,8/7/2015,73.4075,1,sky is clear
1041,8/8/2015,72.06625,90,overcast clouds
1042,8/9/2015,73.145,75,broken clouds
1043,8/10/2015,72.7344,40,scattered clouds
1044,8/11/2015,73.42775,1,sky is clear
1045,8/12/2015,73.12066667,75,light rain
1046,8/13/2015,72.695,1,sky is clear
1047,8/14/2015,73.04041667,20,few clouds
1048,8/15/2015,76.88481481,5,sky is clear
1049,8/16/2015,78.65666667,40,scattered clouds
1050,8/17/2015,80.18692308,20,few clouds
1051,8/18/2015,79.40129032,1,sky is clear
1052,8/19/2015,78.43965517,40,scattered clouds
1053,8/20/2015,78.78576923,75,broken clouds
1054,8/21/2015,76.01692308,75,broken clouds
1055,8/22/2015,73.78375,40,scattered clouds
1056,8/23/2015,71.6696,20,few clouds
1057,8/24/2015,73.48866667,75,broken clouds
1058,8/25/2015,78.2356,1,sky is clear
1059,8/26/2015,72.26,40,scattered clouds
1060,8/27/2015,70.02,40,scattered clouds
1061,8/28/2015,68.44291667,1,sky is clear
1062,8/29/2015,69.00612903,1,sky is clear
1063,8/30/2015,74.2362963,1,sky is clear
1064,8/31/2015,78.90607143,75,mist
1065,9/1/2015,77.96566667,1,sky is clear
1066,9/2/2015,75.511875,75,broken clouds
1067,9/3/2015,77.1253125,40,scattered clouds
1068,9/4/2015,77.3756,75,broken clouds
1069,9/5/2015,72.83375,40,scattered clouds
1070,9/6/2015,69.25592593,1,sky is clear
1071,9/7/2015,74.23541667,40,scattered clouds
1072,9/8/2015,79.86518519,1,sky is clear
1073,9/9/2015,80.12538462,75,broken clouds
1074,9/10/2015,73.34576923,75,broken clouds
1075,9/11/2015,69.85465116,90,heavy intensity rain
1076,9/12/2015,69.41740741,1,sky is clear
1077,9/13/2015,70.20580645,90,light rain
1078,9/14/2015,64.05333333,40,light rain
1079,9/15/2015,67.74,1,sky is clear
1080,9/16/2015,69.54407407,1,sky is clear
1081,9/17/2015,71.51461538,1,sky is clear
1082,9/18/2015,69.00916667,1,sky is clear
1083,9/19/2015,69.81676471,5,thunderstorm with rain
1084,9/20/2015,71.60166667,75,broken clouds
1085,9/21/2015,63.32041667,1,sky is clear
1086,9/22/2015,64.45166667,1,sky is clear
1087,9/23/2015,65.11875,1,sky is clear
1088,9/24/2015,65.51083333,5,sky is clear
1089,9/25/2015,65.91,1,sky is clear
1090,9/26/2015,63.22166667,1,sky is clear
1091,9/27/2015,60.65,40,scattered clouds
1092,9/28/2015,67.2725,75,broken clouds
1093,9/29/2015,72.01090909,90,overcast clouds
1094,9/30/2015,72.75454545,90,light rain
1095,10/1/2015,58.64076923,90,overcast clouds
1096,10/2/2015,51.82205128,90,light rain
1097,10/3/2015,49.41792453,90,moderate rain
1098,10/4/2015,55.01,90,light rain
1099,10/5/2015,55.87458333,5,sky is clear
1100,10/6/2015,57.3052,5,sky is clear
1101,10/7/2015,61.34541667,1,sky is clear
1102,10/8/2015,60.044,1,sky is clear
1103,10/9/2015,64.65102564,5,sky is clear
1104,10/10/2015,59.26366667,90,moderate rain
1105,10/11/2015,53.29222222,1,sky is clear
1106,10/12/2015,58.62384615,1,sky is clear
1107,10/13/2015,61.20703704,5,sky is clear
1108,10/14/2015,60.8144,75,light rain
1109,10/15/2015,54.43833333,5,sky is clear
1110,10/16/2015,55.0575,5,sky is clear
1111,10/17/2015,48.66625,1,sky is clear
1112,10/18/2015,40.07666667,40,scattered clouds
1113,10/19/2015,39.11666667,5,sky is clear
1114,10/20/2015,53.04541667,1,sky is clear
1115,10/21/2015,60.77333333,1,sky is clear
1116,10/22/2015,59.34518519,1,sky is clear
1117,10/23/2015,58.27541667,1,sky is clear
1118,10/24/2015,45.9216,90,haze
1119,10/25/2015,57.04433333,90,overcast clouds
1120,10/26/2015,49.39458333,40,light rain
1121,10/27/2015,46.96541667,1,sky is clear
1122,10/28/2015,55.74769231,82,broken clouds
1123,10/29/2015,66.45433333,90,overcast clouds
1124,10/30/2015,53.8975,75,broken clouds
1125,10/31/2015,46.23807692,10,sky is Clear
1126,11/1/2015,53.79291667,75,broken clouds
1127,11/2/2015,55.3008,75,broken clouds
1128,11/3/2015,54.06538462,75,broken clouds
1129,11/4/2015,57.33416667,1,sky is Clear
1130,11/5/2015,60.09051282,10,sky is Clear
1131,11/6/2015,67.26962963,90,overcast clouds
1132,11/7/2015,63.35416667,75,light rain
1133,11/8/2015,51.34208333,90,overcast clouds
1134,11/9/2015,45.8575,1,sky is clear
1135,11/10/2015,54.07058824,82,broken clouds
1136,11/11/2015,52.46307692,90,overcast clouds
1137,11/12/2015,54.30617647,75,broken clouds
1138,11/13/2015,54.88708333,82,broken clouds
1139,11/14/2015,46.38083333,47,scattered clouds
1140,11/15/2015,44.01041667,10,sky is Clear
1141,11/16/2015,52.89666667,30,scattered clouds
1142,11/17/2015,46.27653846,1,sky is Clear
1143,11/18/2015,45.99541667,40,scattered clouds
1144,11/19/2015,59.415,90,overcast clouds
1145,11/20/2015,57.38285714,90,overcast clouds
1146,11/21/2015,41.4083871,20,light snow
1147,11/22/2015,48.71346154,75,broken clouds
1148,11/23/2015,39.60166667,90,overcast clouds
1149,11/24/2015,34.44375,1,sky is clear
1150,11/25/2015,38.85541667,75,broken clouds
1151,11/26/2015,43.01333333,30,scattered clouds
1152,11/27/2015,48.04083333,75,broken clouds
1153,11/28/2015,53.23785714,75,broken clouds
1154,11/29/2015,42.52666667,90,overcast clouds
1155,11/30/2015,37.63,75,broken clouds
1156,12/1/2015,44.375,82,broken clouds
1157,12/2/2015,47.70061224,90,overcast clouds
1158,12/3/2015,49.61321429,90,overcast clouds
1159,12/4/2015,44.87083333,20,few clouds
1160,12/5/2015,40.068,1,sky is clear
1161,12/6/2015,38.50407407,1,sky is Clear
1162,12/7/2015,40.2590625,75,broken clouds
1163,12/8/2015,42.71875,90,fog
1164,12/9/2015,40.5,65,broken clouds
1165,12/10/2015,51.35269231,90,overcast clouds
1166,12/11/2015,47.83548387,75,broken clouds
1167,12/12/2015,52.8384375,75,broken clouds
1168,12/13/2015,56.04921053,75,broken clouds
1169,12/14/2015,55.71977273,82,broken clouds
1170,12/15/2015,60.4434375,90,light rain
1171,12/16/2015,49.02,75,broken clouds
1172,12/17/2015,51.3545,82,broken clouds
1173,12/18/2015,50.01,90,mist
1174,12/19/2015,36.5275,75,broken clouds
1175,12/20/2015,37.3025,75,broken clouds
1176,12/21/2015,41.13178571,75,broken clouds
1177,12/22/2015,53.77424242,90,overcast clouds
1178,12/23/2015,51.91439024,75,broken clouds
1179,12/24/2015,63.38432432,90,moderate rain
1180,12/25/2015,56.92432432,75,light rain
1181,12/26/2015,53.35862069,90,light rain
1182,12/27/2015,50.62214286,90,light rain
1183,12/28/2015,42.88666667,90,light rain
1184,12/29/2015,37.11428571,90,light rain
1185,12/30/2015,40.50644068,90,light rain
1186,12/31/2015,44.76210526,90,light rain
1187,1/1/2016,39.85708333,75,broken clouds
1188,1/2/2016,34.90416667,20,few clouds
1189,1/3/2016,35.80541667,20,few clouds
1190,1/4/2016,30.00875,20,few clouds
1191,1/5/2016,16.95875,20,few clouds
1192,1/6/2016,25.54333333,1,sky is Clear
1193,1/7/2016,31.88666667,20,few clouds
1194,1/8/2016,35.4937037,40,scattered clouds
1195,1/9/2016,42.05515152,90,light rain
1196,1/10/2016,51.53,90,overcast clouds
1197,1/11/2016,35.265,75,broken clouds
1198,1/12/2016,28.50148148,20,few clouds
1199,1/13/2016,26.94,75,broken clouds
1200,1/14/2016,26.79416667,82,broken clouds
1201,1/15/2016,36.9952,75,broken clouds
1202,1/16/2016,43.08555556,90,overcast clouds
1203,1/17/2016,36.08346154,82,broken clouds
1204,1/18/2016,25.68444444,75,broken clouds
1205,1/19/2016,20.91666667,20,few clouds
1206,1/20/2016,29.87458333,20,few clouds
1207,1/21/2016,29.995,90,overcast clouds
1208,1/22/2016,24.59375,57,broken clouds
1209,1/23/2016,26.15560976,90,overcast clouds
1210,1/24/2016,26.72625,90,overcast clouds
1211,1/25/2016,27.6684,40,scattered clouds
1212,1/26/2016,32.66074074,30,scattered clouds
1213,1/27/2016,41.49458333,90,overcast clouds
1214,1/28/2016,31.35875,40,scattered clouds
1215,1/29/2016,34.31076923,75,broken clouds
1216,1/30/2016,31.585,75,broken clouds
1217,1/31/2016,39.795,51,broken clouds
1218,2/1/2016,44.86416667,75,mist
1219,2/2/2016,41.68038462,90,light rain
1220,2/3/2016,46.52682927,75,light rain
1221,2/4/2016,52.33604651,90,light rain
1222,2/5/2016,36.16651163,90,overcast clouds
1223,2/6/2016,31.74125,5,sky is clear
1224,2/7/2016,34.91916667,1,sky is clear
1225,2/8/2016,34.8372973,90,overcast clouds
1226,2/9/2016,28.93057143,90,light snow
1227,2/10/2016,32.71,90,light snow
1228,2/11/2016,25.91925926,40,scattered clouds
1229,2/12/2016,19.2075,30,scattered clouds
1230,2/13/2016,19.11916667,90,overcast clouds
1231,2/14/2016,6.967083333,20,few clouds
1232,2/15/2016,17.91666667,20,few clouds
1233,2/16/2016,41.68962264,90,overcast clouds
1234,2/17/2016,38.25666667,90,overcast clouds
1235,2/18/2016,31.93416667,90,overcast clouds
1236,2/19/2016,27.43916667,10,sky is Clear
1237,2/20/2016,45.2825,90,overcast clouds
1238,2/21/2016,48.7892,1,sky is clear
1239,2/22/2016,43.34730769,82,broken clouds
1240,2/23/2016,36.62866667,75,broken clouds
1241,2/24/2016,39.83207547,90,light rain
1242,2/25/2016,53.72666667,90,light rain
1243,2/26/2016,34.97083333,90,overcast clouds
1244,2/27/2016,30.84166667,30,scattered clouds
1245,2/28/2016,43.92166667,30,scattered clouds
1246,2/29/2016,48.8048,10,sky is Clear
1247,3/1/2016,44.3375,30,scattered clouds
1248,3/2/2016,45.74518519,75,broken clouds
1249,3/3/2016,29.44777778,20,few clouds
1250,3/4/2016,31.181875,90,overcast clouds
1251,3/5/2016,32.37166667,75,broken clouds
1252,3/6/2016,34.02416667,75,broken clouds
1253,3/7/2016,41.03708333,40,scattered clouds
1254,3/8/2016,52.34166667,40,scattered clouds
1255,3/9/2016,51.86733333,75,broken clouds
1256,3/10/2016,66.48958333,75,broken clouds
1257,3/11/2016,60.434,82,broken clouds
1258,3/12/2016,47.59125,75,broken clouds
1259,3/13/2016,53.29,75,broken clouds
1260,3/14/2016,45.88609756,90,overcast clouds
1261,3/15/2016,46.54416667,90,light rain
1262,3/16/2016,50.70277778,75,broken clouds
1263,3/17/2016,50.95769231,90,overcast clouds
1264,3/18/2016,48.74541667,75,broken clouds
1265,3/19/2016,40.85916667,57,broken clouds
1266,3/20/2016,36.74708333,75,broken clouds
1267,3/21/2016,36.63583333,90,overcast clouds
1268,3/22/2016,41.71291667,20,few clouds
1269,3/23/2016,54.40458333,75,broken clouds
1270,3/24/2016,48.9156,75,broken clouds
1271,3/25/2016,53.18511628,90,overcast clouds
1272,3/26/2016,45.43916667,75,broken clouds
1273,3/27/2016,45.08916667,57,broken clouds
1274,3/28/2016,45.66153846,90,overcast clouds
1275,3/29/2016,48.16333333,57,light rain
1276,3/30/2016,43.32333333,1,sky is clear
1277,3/31/2016,54.465,75,broken clouds
1278,4/1/2016,64.88257143,90,overcast clouds
1279,4/2/2016,54.22714286,90,light rain
1280,4/3/2016,40.85727273,40,scattered clouds
1281,4/4/2016,37.51588235,57,broken clouds
1282,4/5/2016,31.78192308,90,light snow
1283,4/6/2016,36.86346154,1,sky is clear
1284,4/7/2016,50.84533333,75,light rain
1285,4/8/2016,46.54625,40,scattered clouds
1286,4/9/2016,36.88709677,40,scattered clouds
1287,4/10/2016,38.7996,90,overcast clouds
1288,4/11/2016,47.83645161,40,mist
1289,4/12/2016,52.71375,75,light rain
1290,4/13/2016,45.61708333,30,scattered clouds
1291,4/14/2016,47.28291667,30,scattered clouds
1292,4/15/2016,49.14875,1,sky is clear
1293,4/16/2016,51.31625,1,sky is clear
1294,4/17/2016,53.0936,75,broken clouds
1295,4/18/2016,60.96333333,40,scattered clouds
1296,4/19/2016,63.37375,75,broken clouds
1297,4/20/2016,57.75208333,75,broken clouds
1298,4/21/2016,55.20083333,20,light rain
1299,4/22/2016,68.38708333,32,scattered clouds
1300,4/23/2016,63.46157895,90,overcast clouds
1301,4/24/2016,55.16375,40,scattered clouds
1302,4/25/2016,56.38041667,40,scattered clouds
1303,4/26/2016,54.93916667,75,broken clouds
1304,4/27/2016,50.236,82,broken clouds
1305,4/28/2016,51.00038462,30,scattered clouds
1306,4/29/2016,50.02851852,90,light rain
1307,4/30/2016,51.25541667,90,light rain
1308,5/1/2016,48.31804348,75,broken clouds
1309,5/2/2016,48.75471698,90,light rain
1310,5/3/2016,53.06465517,40,haze
1311,5/4/2016,50.30646154,90,light rain
1312,5/5/2016,49.50272727,90,light rain
1313,5/6/2016,50.73209302,90,overcast clouds
1314,5/7/2016,50.3048,90,light rain
1315,5/8/2016,52.57585366,90,overcast clouds
1316,5/9/2016,58.46958333,40,scattered clouds
1317,5/10/2016,55.77536585,75,broken clouds
1318,5/11/2016,58.80076923,90,haze
1319,5/12/2016,62.1396875,75,broken clouds
1320,5/13/2016,60.38538462,75,broken clouds
1321,5/14/2016,60.9327907,90,light rain
1322,5/15/2016,53.59958333,90,light rain
1323,5/16/2016,50.21416667,40,light rain
1324,5/17/2016,57.89,40,scattered clouds
1325,5/18/2016,55.99857143,90,light rain
1326,5/19/2016,59.6152,90,light rain
1327,5/20/2016,61.13708333,40,scattered clouds
1328,5/21/2016,59.25083333,75,broken clouds
1329,5/22/2016,57.88366667,90,moderate rain
1330,5/23/2016,61.42709677,75,light rain
1331,5/24/2016,62.07861111,75,light rain
1332,5/25/2016,68.80846154,75,broken clouds
1333,5/26/2016,76.0975,40,scattered clouds
1334,5/27/2016,75.5276,75,broken clouds
1335,5/28/2016,78.24730769,75,moderate rain
1336,5/29/2016,75.61233333,40,smoke
1337,5/30/2016,71.41351351,75,broken clouds
1338,5/31/2016,74.22192308,90,overcast clouds
1339,6/1/2016,72.27964286,40,scattered clouds
1340,6/2/2016,67.79583333,75,broken clouds
1341,6/3/2016,65.17156863,90,mist
1342,6/4/2016,71.05058824,40,haze
1343,6/5/2016,68.37568627,75,moderate rain
1344,6/6/2016,70.35277778,90,heavy intensity rain
1345,6/7/2016,74.88166667,75,broken clouds
1346,6/8/2016,62.45416667,20,few clouds
1347,6/9/2016,61.55833333,0,Sky is Clear
1348,6/10/2016,64.54125,0,Sky is Clear
1349,6/11/2016,68.54708333,44,scattered clouds
1350,6/12/2016,78.03,0,moderate rain
1351,6/13/2016,65.02833333,0,Sky is Clear
1352,6/14/2016,67.50708333,48,scattered clouds
1353,6/15/2016,71.28958333,0,Sky is Clear
1354,6/16/2016,69.92416667,32,scattered clouds
1355,6/17/2016,68.68166667,0,Sky is Clear
1356,6/18/2016,69.115,64,light rain
1357,6/19/2016,73.08291667,36,scattered clouds
1358,6/20/2016,71.57583333,0,Sky is Clear
1359,6/21/2016,77.64416667,0,Sky is Clear
1360,6/22/2016,75.06833333,56,broken clouds
1361,6/23/2016,72.36625,32,scattered clouds
1362,6/24/2016,73.01458333,32,scattered clouds
1363,6/25/2016,71.49192308,40,scattered clouds
1364,6/26/2016,73.13,1,sky is clear
1365,6/27/2016,73.17625,1,sky is clear
1366,6/28/2016,71.4862,1,heavy intensity rain
1367,6/29/2016,71.50108696,90,mist
1368,6/30/2016,73.91666667,90,overcast clouds
1369,7/1/2016,73.31266667,90,overcast clouds
1370,7/2/2016,70.30702703,90,moderate rain
1371,7/3/2016,70.9375,1,sky is clear
1372,7/4/2016,72.03384615,1,sky is clear
1373,7/5/2016,73.08809524,75,light rain
1374,7/6/2016,79.56935484,40,scattered clouds
1375,7/7/2016,81.184,1,sky is clear
1376,7/8/2016,76.73958333,90,heavy intensity rain
1377,7/9/2016,68.53591837,90,light rain
1378,7/10/2016,70.00386364,90,mist
1379,7/11/2016,71.9225,1,sky is clear
1380,7/12/2016,72.82291667,20,few clouds
1381,7/13/2016,75.84576923,40,scattered clouds
1382,7/14/2016,75.51777778,90,light rain
1383,7/15/2016,77.40125,0,Sky is Clear
1384,7/16/2016,74.34458333,8,sky is clear
1385,7/17/2016,73.37291667,8,sky is clear
1386,7/18/2016,75.85666667,44,scattered clouds
1387,7/19/2016,79.23,92,light rain
1388,7/20/2016,80.15125,92,light rain
1389,7/21/2016,76.865,44,scattered clouds
1390,7/22/2016,80.96846154,40,scattered clouds
1391,7/23/2016,86.25125,40,scattered clouds
1392,7/24/2016,81.73384615,40,scattered clouds
1393,7/25/2016,80.192,40,proximity thunderstorm
1394,7/26/2016,76.86055556,90,heavy intensity rain
1395,7/27/2016,80.55666667,75,broken clouds
1396,7/28/2016,80.55148148,75,broken clouds
1397,7/29/2016,75.90404255,75,moderate rain
1398,7/30/2016,76.27135135,20,light rain
1399,7/31/2016,74.93804348,75,light rain
1400,8/1/2016,72.67083333,90,heavy intensity rain
1401,8/2/2016,72.369,90,overcast clouds
1402,8/3/2016,70.82,40,scattered clouds
1403,8/4/2016,72.31,0,Sky is Clear
1404,8/5/2016,74.11875,0,Sky is Clear
1405,8/6/2016,78.52916667,20,few clouds
1406,8/7/2016,78.43791667,0,Sky is Clear
1407,8/8/2016,76.9375,0,Sky is Clear
1408,8/9/2016,77.28291667,8,sky is clear
1409,8/10/2016,79.05583333,0,Sky is Clear
1410,8/11/2016,83.75875,44,scattered clouds
1411,8/12/2016,82.45666667,48,heavy intensity rain
1412,8/13/2016,85.48208333,64,light rain
1413,8/14/2016,86.945,0,Sky is Clear
1414,8/15/2016,82.02875,36,moderate rain
1415,8/16/2016,81.8925,0,Sky is Clear
1416,8/17/2016,80.59666667,20,moderate rain
1417,8/18/2016,77.84875,0,Sky is Clear
1418,8/19/2016,78.93458333,0,Sky is Clear
1419,8/20/2016,78.29692308,12,moderate rain
1420,8/21/2016,77.856875,40,scattered clouds
1421,8/22/2016,73.48193548,90,moderate rain
1422,8/23/2016,69.14208333,20,few clouds
1423,8/24/2016,73.72740741,20,few clouds
1424,8/25/2016,74.804,40,scattered clouds
1425,8/26/2016,79.77111111,90,light rain
1426,8/27/2016,76.3165625,40,scattered clouds
1427,8/28/2016,76.10083333,75,broken clouds
1428,8/29/2016,78.87833333,40,scattered clouds
1429,8/30/2016,74.30366667,40,proximity thunderstorm
1430,8/31/2016,76.4862963,75,broken clouds
1431,9/1/2016,73.01613636,75,light rain
1432,9/2/2016,71.08592593,75,moderate rain
1433,9/3/2016,69.43666667,75,broken clouds
1434,9/4/2016,68.6008,75,broken clouds
1435,9/5/2016,70.41625,40,scattered clouds
1436,9/6/2016,76.02538462,75,broken clouds
1437,9/7/2016,74.42205882,90,light rain
1438,9/8/2016,75.84785714,40,scattered clouds
1439,9/9/2016,83.034,75,broken clouds
1440,9/10/2016,79.14282051,90,overcast clouds
1441,9/11/2016,79.31666667,75,haze
1442,9/12/2016,68.17,75,broken clouds
1443,9/13/2016,68.74666667,1,sky is clear
1444,9/14/2016,74.76925926,20,few clouds
1445,9/15/2016,68.234,75,mist
1446,9/16/2016,63.78583333,75,broken clouds
1447,9/17/2016,64.47416667,40,scattered clouds
1448,9/18/2016,72.96416667,75,broken clouds
1449,9/19/2016,72.8988,75,broken clouds
1450,9/20/2016,72.15125,92,light rain
1451,9/21/2016,69.88291667,36,scattered clouds
1452,9/22/2016,70.70583333,68,broken clouds
1453,9/23/2016,68.95333333,12,few clouds
1454,9/24/2016,65.69875,0,Sky is Clear
1455,9/25/2016,59.95625,0,Sky is Clear
1456,9/26/2016,59.19041667,0,Sky is Clear
1457,9/27/2016,68.28041667,12,few clouds
1458,9/28/2016,62.41583333,20,few clouds
1459,9/29/2016,60.53291667,76,light rain
1460,9/30/2016,59.074,68,broken clouds
1461,10/1/2016,58.15541667,92,light rain
1462,10/2/2016,58.97416667,92,light rain
1463,10/3/2016,63.98625,92,overcast clouds
1464,10/4/2016,63.58208333,36,light rain
1465,10/5/2016,60.42,76,broken clouds
1466,10/6/2016,58.37666667,0,Sky is Clear
1467,10/7/2016,60.18833333,0,Sky is Clear
1468,10/8/2016,62.34708333,20,few clouds
1469,10/9/2016,60.12916667,92,light rain
1470,10/10/2016,54.98541667,48,scattered clouds
1471,10/11/2016,53.26375,0,Sky is Clear
1472,10/12/2016,55.6875,0,Sky is Clear
1473,10/13/2016,58.79375,0,Sky is Clear
1474,10/14/2016,55.5625,0,Sky is Clear
1475,10/15/2016,52.45041667,0,Sky is Clear
1476,10/16/2016,58.6075,0,Sky is Clear
1477,10/17/2016,66.59791667,36,scattered clouds
1478,10/18/2016,68.73833333,12,few clouds
1479,10/19/2016,72.77916667,0,Sky is Clear
1480,10/20/2016,70.03458333,64,broken clouds
1481,10/21/2016,67.31208333,92,light rain
1482,10/22/2016,56.44916667,92,light rain
1483,10/23/2016,51.165,80,light rain
1484,10/24/2016,54.23541667,0,Sky is Clear
1485,10/25/2016,49.29208333,0,Sky is Clear
1486,10/26/2016,44.18583333,0,Sky is Clear
1487,10/27/2016,44.39875,12,few clouds
1488,10/28/2016,51.34333333,92,moderate rain
1489,10/29/2016,48.68708333,0,Sky is Clear
1490,10/30/2016,62.40041667,8,sky is clear
1491,10/31/2016,47.96166667,92,moderate rain
1492,11/1/2016,47.055,0,Sky is Clear
1493,11/2/2016,58.48392857,1,sky is clear
1494,11/3/2016,59.86976744,1,moderate rain
1495,11/4/2016,56.19916667,75,broken clouds
1496,11/5/2016,48.53208333,1,sky is clear
1497,11/6/2016,52.10333333,1,sky is clear
1498,11/7/2016,43.96583333,1,sky is clear
1499,11/8/2016,48.0104,1,sky is clear
1500,11/9/2016,51.7874359,1,sky is clear
1501,11/10/2016,48.66785714,90,moderate rain
1502,11/11/2016,52.2325,1,sky is clear
1503,11/12/2016,42.29,1,light rain
1504,11/13/2016,44.27875,1,sky is clear
1505,11/14/2016,46.935,1,sky is clear
1506,11/15/2016,48.80959184,1,sky is clear
1507,11/16/2016,49.2956,75,light rain
1508,11/17/2016,51.8676,40,scattered clouds
1509,11/18/2016,49.46192308,1,sky is clear
1510,11/19/2016,49.6625,20,few clouds
1511,11/20/2016,39.66153846,90,overcast clouds
1512,11/21/2016,37.1972973,90,overcast clouds
1513,11/22/2016,38.08333333,90,overcast clouds
1514,11/23/2016,37.51625,75,broken clouds
1515,11/24/2016,41.01964286,1,mist
1516,11/25/2016,46.46714286,90,moderate rain
1517,11/26/2016,45.6006383,90,drizzle
1518,11/27/2016,40.97916667,1,sky is clear
1519,11/28/2016,39.96592593,75,mist
1520,11/29/2016,52.04605263,75,light rain
1521,11/30/2016,54.02910714,90,heavy intensity rain
1522,12/1/2016,51.99046512,90,moderate rain
1523,12/2/2016,43.43458333,90,overcast clouds
1524,12/3/2016,44.16416667,90,overcast clouds
1525,12/4/2016,41.65833333,90,overcast clouds
1526,12/5/2016,38.61769231,5,light snow
1527,12/6/2016,37.8932,40,mist
1528,12/7/2016,39.7912,90,moderate rain
1529,12/8/2016,37.8892,75,broken clouds
1530,12/9/2016,34.45125,20,few clouds
1531,12/10/2016,29.53166667,40,scattered clouds
1532,12/11/2016,28.25897436,1,sky is clear
1533,12/12/2016,35.30058824,90,light snow
1534,12/13/2016,36.40416667,1,mist
1535,12/14/2016,36.86041667,92,overcast clouds
1536,12/15/2016,26.53481481,75,broken clouds
1537,12/16/2016,19.40375,5,sky is clear
1538,12/17/2016,26.92958333,5,sky is clear
1539,12/18/2016,41.91618182,90,mist
1540,12/19/2016,28.41791667,40,scattered clouds
1541,12/20/2016,22.34625,75,broken clouds
1542,12/21/2016,29.70625,5,sky is clear
1543,12/22/2016,36.83791667,40,scattered clouds
1544,12/23/2016,39.51208333,90,overcast clouds
1545,12/24/2016,39.09611111,75,light snow
1546,12/25/2016,42.30916667,90,mist
1547,12/26/2016,35.87470588,5,light rain
1548,12/27/2016,47.99785714,90,light intensity drizzle
1549,12/28/2016,39.22625,20,few clouds
1550,12/29/2016,36.6697619,40,scattered clouds
1551,12/30/2016,36.03269231,40,scattered clouds
1552,12/31/2016,34.145,40,scattered clouds
1553,1/1/2017,43.3496,75,broken clouds
1554,1/2/2017,36.11531915,5,sky is clear
1555,1/3/2017,39.66076923,90,light rain
1556,1/4/2017,43.05725,90,mist
1557,1/5/2017,31.3775,1,sky is clear
1558,1/6/2017,28.61583333,75,broken clouds
1559,1/7/2017,21.69,75,light snow
1560,1/8/2017,19.57266667,90,light snow
1561,1/9/2017,16.54458333,1,sky is clear
1562,1/10/2017,21.0888,75,broken clouds
1563,1/11/2017,42.894,90,overcast clouds
1564,1/12/2017,49.39756098,1,moderate rain
1565,1/13/2017,51.9144,1,sky is clear
1566,1/14/2017,30.03,1,sky is clear
1567,1/15/2017,30.41933333,90,light snow
1568,1/16/2017,31.43366667,5,sky is clear
1569,1/17/2017,37.92695652,75,mist
1570,1/18/2017,38.16351852,90,heavy intensity rain
1571,1/19/2017,39.2778125,90,overcast clouds
1572,1/20/2017,39.87222222,75,light rain
1573,1/21/2017,42.33901961,90,light rain
1574,1/22/2017,45.37631579,90,mist
1575,1/23/2017,41.84446809,90,mist
1576,1/24/2017,37.68717391,90,moderate rain
1577,1/25/2017,40.5975,92,light rain
1578,1/26/2017,43.86685714,40,light rain
1579,1/27/2017,41.425,75,broken clouds
1580,1/28/2017,36.025,75,light snow
1581,1/29/2017,35.85666667,90,overcast clouds
1582,1/30/2017,32.51416667,75,broken clouds
1583,1/31/2017,28.10447368,40,scattered clouds
1584,2/1/2017,34.66148148,90,mist
1585,2/2/2017,36.42833333,90,overcast clouds
1586,2/3/2017,29.50625,75,broken clouds
1587,2/4/2017,26.68666667,90,overcast clouds
1588,2/5/2017,31.8675,40,scattered clouds
1589,2/6/2017,40.42083333,20,few clouds
1590,2/7/2017,36.64770833,20,haze
1591,2/8/2017,41.218,90,mist
1592,2/9/2017,31.52313725,90,overcast clouds
1593,2/10/2017,22.70115385,75,haze
1594,2/11/2017,33.5588,90,overcast clouds
1595,2/12/2017,33.53392157,75,broken clouds
1596,2/13/2017,34.89,90,mist
1597,2/14/2017,28.11791667,0,sky is Clear
1598,2/15/2017,32.25875,0,Sky is Clear
1599,2/16/2017,31.30833333,12,light rain
1600,2/17/2017,28.74625,0,Sky is Clear
1601,2/18/2017,33.60041667,0,Sky is Clear
1602,2/19/2017,45.23333333,8,sky is clear
1603,2/20/2017,40.24958333,0,Sky is Clear
1604,2/21/2017,36.015,0,Sky is Clear
1605,2/22/2017,45.45208333,90,overcast clouds
1606,2/23/2017,46.54769231,75,broken clouds
1607,2/24/2017,56.69785714,75,broken clouds
1608,2/25/2017,58.99194444,1,sky is clear
1609,2/26/2017,43.65333333,90,proximity thunderstorm
1610,2/27/2017,38.65541667,75,broken clouds
1611,2/28/2017,49.24107143,40,scattered clouds
1612,3/1/2017,55.87355932,90,mist
1613,3/2/2017,52.9508,40,scattered clouds
1614,3/3/2017,34.01541667,1,sky is clear
1615,3/4/2017,25.25346154,40,scattered clouds
1616,3/5/2017,22.09791667,1,sky is clear
1617,3/6/2017,29.83666667,20,few clouds
1618,3/7/2017,44.3874,90,overcast clouds
1619,3/8/2017,51.34378378,90,haze
1620,3/9/2017,55.34541667,20,few clouds
1621,3/10/2017,37.16767442,75,broken clouds
1622,3/11/2017,23.9492,90,light snow
1623,3/12/2017,23.68791667,40,scattered clouds
1624,3/13/2017,24.87,1,sky is clear
1625,3/14/2017,28.50367647,40,scattered clouds
1626,3/15/2017,23.1428,90,mist
1627,3/16/2017,28.4952,90,light snow
1628,3/17/2017,35.10916667,40,scattered clouds
1629,3/18/2017,34.66108108,1,sky is clear
1630,3/19/2017,37.59137931,90,mist
1631,3/20/2017,39.31416667,1,sky is clear
1632,3/21/2017,46.78833333,90,overcast clouds
1633,3/22/2017,39.05208333,1,sky is clear
1634,3/23/2017,28.89625,1,sky is clear
1635,3/24/2017,38.654,1,sky is clear
1636,3/25/2017,49.6059375,1,sky is clear
1637,3/26/2017,41.11945946,90,light rain
1638,3/27/2017,40.88029851,90,mist
1639,3/28/2017,44.92478873,40,mist
1640,3/29/2017,46.74942857,90,moderate rain
1641,3/30/2017,41.675,1,sky is clear
1642,3/31/2017,40.13,90,light rain
1643,4/1/2017,39.30354167,90,heavy intensity rain
1644,4/2/2017,48.41125,75,broken clouds
1645,4/3/2017,51.98458333,40,scattered clouds
1646,4/4/2017,50.16789474,90,overcast clouds
1647,4/5/2017,49.15136364,90,mist
1648,4/6/2017,43.73603774,5,sky is clear
1649,4/7/2017,46.78724138,75,fog
1650,4/8/2017,44.56541667,40,scattered clouds
1651,4/9/2017,50.88708333,5,sky is clear
1652,4/10/2017,59.29541667,75,broken clouds
1653,4/11/2017,67.3408,75,proximity thunderstorm
1654,4/12/2017,64.81214286,75,broken clouds
1655,4/13/2017,57.0575,1,sky is clear
1656,4/14/2017,53.67541667,75,broken clouds
1657,4/15/2017,53.95518519,20,few clouds
1658,4/16/2017,66.67037037,90,overcast clouds
1659,4/17/2017,68.19923077,75,broken clouds
1660,4/18/2017,57.29166667,40,scattered clouds
1661,4/19/2017,49.0556,20,few clouds
1662,4/20/2017,53.32589744,90,light rain
1663,4/21/2017,51.84595745,90,overcast clouds
1664,4/22/2017,52.64952381,90,mist
1665,4/23/2017,52.74583333,90,overcast clouds
1666,4/24/2017,51.45730769,75,broken clouds
1667,4/25/2017,52.8112766,90,light rain
1668,4/26/2017,55.15653846,90,heavy intensity rain
1669,4/27/2017,60.80280702,90,mist
1670,4/28/2017,62.355,90,fog
1671,4/29/2017,70.74392857,75,broken clouds
1672,4/30/2017,62.94666667,75,broken clouds
1673,5/1/2017,54.54804878,90,overcast clouds
1674,5/2/2017,69.085,40,scattered clouds
1675,5/3/2017,61.475,40,scattered clouds
1676,5/4/2017,52.72083333,1,sky is clear
1677,5/5/2017,53.48386364,90,overcast clouds
1678,5/6/2017,60.25659574,90,mist
1679,5/7/2017,53.17333333,75,thunderstorm with heavy rain
1680,5/8/2017,48.8848,75,light rain
1681,5/9/2017,50.20642857,90,overcast clouds
1682,5/10/2017,55.02785714,1,sky is clear
1683,5/11/2017,52.78548387,1,thunderstorm with rain
1684,5/12/2017,52.77708333,1,sky is clear
1685,5/13/2017,50.51777778,1,sky is clear
1686,5/14/2017,51.17315789,90,moderate rain
1687,5/15/2017,58.72291667,90,overcast clouds
1688,5/16/2017,64.87125,1,sky is clear
1689,5/17/2017,72.1725,40,scattered clouds
1690,5/18/2017,81.09458333,1,sky is clear
1691,5/19/2017,82.8504,1,sky is clear
1692,5/20/2017,65.06583333,75,broken clouds
1693,5/21/2017,56.96259259,40,scattered clouds
1694,5/22/2017,56.91428571,75,broken clouds
1695,5/23/2017,60.628,90,mist
1696,5/24/2017,60.68212121,90,overcast clouds
1697,5/25/2017,57.65351852,75,broken clouds
1698,5/26/2017,59.90808511,90,light intensity drizzle
1699,5/27/2017,65.595,40,scattered clouds
1700,5/28/2017,64.84,1,light rain
1701,5/29/2017,58.10229167,90,overcast clouds
1702,5/30/2017,56.75594595,90,overcast clouds
1703,5/31/2017,60.05377358,90,light intensity drizzle
1704,6/1/2017,65.69918919,1,sky is clear
1705,6/2/2017,66.33375,1,sky is clear
1706,6/3/2017,61.98307692,1,sky is clear
1707,6/4/2017,61.82423077,1,sky is clear
1708,6/5/2017,63.2414,90,light rain
1709,6/6/2017,58.00603448,90,mist
1710,6/7/2017,57.19814815,90,light intensity drizzle
1711,6/8/2017,60.1412,1,sky is clear
1712,6/9/2017,64.05083333,75,broken clouds
1713,6/10/2017,72.59583333,40,light rain
1714,6/11/2017,78.74958333,1,sky is clear
1715,6/12/2017,81.39333333,1,sky is clear
1716,6/13/2017,83.15166667,0,Sky is Clear
1717,6/14/2017,76.89290323,75,thunderstorm
1718,6/15/2017,69.61259259,1,proximity thunderstorm
1719,6/16/2017,65.68692308,1,sky is clear
1720,6/17/2017,68.74113636,90,mist
1721,6/18/2017,73.735625,90,haze
1722,6/19/2017,78.6562069,1,light rain
1723,6/20/2017,73.2145,90,moderate rain
1724,6/21/2017,74.5,1,sky is clear
1725,6/22/2017,73.86458333,1,sky is clear
1726,6/23/2017,78.46733333,1,sky is clear
1727,6/24/2017,76.7674359,40,light rain
1728,6/25/2017,74.5875,1,sky is clear
1729,6/26/2017,70.7325,40,scattered clouds
1730,6/27/2017,68.14192308,5,sky is clear
1731,6/28/2017,67.38416667,1,sky is clear
1732,6/29/2017,72.4972,1,sky is clear
1733,6/30/2017,77.85884615,75,broken clouds
1734,7/1/2017,77.22441176,75,broken clouds
1735,7/2/2017,76.66538462,75,moderate rain
1736,7/3/2017,78.15576923,1,sky is clear
1737,7/4/2017,75.1668,40,scattered clouds
1738,7/5/2017,74.64038462,75,broken clouds
1739,7/6/2017,72.0775,20,thunderstorm
1740,7/7/2017,71.07644444,75,light rain
1741,7/8/2017,74.79413793,40,heavy intensity rain
1742,7/9/2017,73.36708333,75,light rain
1743,7/10/2017,71.94137931,20,few clouds
1744,7/11/2017,77.00060606,75,broken clouds
1745,7/12/2017,78.50882353,75,broken clouds
1746,7/13/2017,81.14125,75,mist
1747,7/14/2017,69.19084746,90,mist
1748,7/15/2017,70.72163636,90,mist
1749,7/16/2017,74.46708333,75,broken clouds
1750,7/17/2017,76.46125,40,scattered clouds
1751,7/18/2017,77.84807692,1,proximity thunderstorm
1752,7/19/2017,81.89291667,40,scattered clouds
1753,7/20/2017,83.3156,20,few clouds
1754,7/21/2017,80.67428571,40,scattered clouds
1755,7/22/2017,82.355,1,sky is clear
1756,7/23/2017,74.94928571,20,light rain
1757,7/24/2017,69.67153846,75,broken clouds
1758,7/25/2017,65.56294118,40,moderate rain
1759,7/26/2017,69.3124,90,overcast clouds
1760,7/27/2017,70.0556,1,sky is clear
1761,7/28/2017,74.51806452,90,overcast clouds
1762,7/29/2017,72.0548,1,sky is clear
1763,7/30/2017,70.39,75,broken clouds
1764,7/31/2017,73.59833333,1,sky is clear
1765,8/1/2017,77.82666667,75,broken clouds
1766,8/2/2017,74.82447368,1,sky is clear
1767,8/3/2017,72.64911765,1,moderate rain
1768,8/4/2017,75.56,1,light rain
1769,8/5/2017,73.74258065,40,scattered clouds
1770,8/6/2017,68.77958333,1,sky is clear
1771,8/7/2017,66.65790698,1,sky is clear
1772,8/8/2017,68.582,90,mist
1773,8/9/2017,71.7168,1,sky is clear
1774,8/10/2017,72.92692308,1,sky is clear
1775,8/11/2017,73.08416667,1,sky is clear
1776,8/12/2017,69.97352941,90,overcast clouds
1777,8/13/2017,74.8,40,mist
1778,8/14/2017,73.1504,1,sky is clear
1779,8/15/2017,71.95097561,90,overcast clouds
1780,8/16/2017,74.1071875,40,haze
1781,8/17/2017,74.22208333,1,sky is clear
1782,8/18/2017,76.13408163,1,sky is clear
1783,8/19/2017,76.99032258,75,moderate rain
1784,8/20/2017,75.95041667,1,sky is clear
1785,8/21/2017,75.57375,1,sky is clear
1786,8/22/2017,78.6462963,1,sky is clear
1787,8/23/2017,75.87138889,40,scattered clouds
1788,8/24/2017,70.64291667,20,few clouds
1789,8/25/2017,68.57916667,20,few clouds
1790,8/26/2017,67.48375,75,broken clouds
1791,8/27/2017,66.34875,1,sky is clear
1792,8/28/2017,66.89833333,1,sky is clear
1793,8/29/2017,64.34323529,1,sky is clear
1794,8/30/2017,65.7583871,90,moderate rain
1795,8/31/2017,70.33958333,1,sky is clear
1796,9/1/2017,63.57916667,1,sky is clear
1797,9/2/2017,59.68208333,1,sky is clear
1798,9/3/2017,61.08603774,90,heavy intensity rain
1799,9/4/2017,68.305,90,overcast clouds
1800,9/5/2017,73.83583333,20,few clouds
1801,9/6/2017,67.23297872,75,thunderstorm with heavy rain
1802,9/7/2017,63.35702703,90,moderate rain
1803,9/8/2017,63.9475,1,sky is clear
1804,9/9/2017,61.28416667,40,scattered clouds
1805,9/10/2017,62.08333333,1,sky is clear
1806,9/11/2017,63.12625,1,sky is clear
1807,9/12/2017,67.01791667,1,sky is clear
1808,9/13/2017,69.015,1,sky is clear
1809,9/14/2017,72.216,90,overcast clouds
1810,9/15/2017,72.8352,40,mist
1811,9/16/2017,73.22705882,90,overcast clouds
1812,9/17/2017,70.7055814,1,light rain
1813,9/18/2017,69.77162162,1,sky is clear
1814,9/19/2017,71.95,75,broken clouds
1815,9/20/2017,73.7392,90,light rain
1816,9/21/2017,74.43583333,1,sky is clear
1817,9/22/2017,73.05583333,1,sky is clear
1818,9/23/2017,75.74625,20,few clouds
1819,9/24/2017,76.06,1,sky is clear
1820,9/25/2017,76.10041667,1,sky is clear
1821,9/26/2017,71.55258065,1,sky is clear
1822,9/27/2017,74.7104,1,sky is clear
1823,9/28/2017,73.80074074,1,sky is clear
1824,9/29/2017,60.63125,1,sky is clear
1825,9/30/2017,58.5548,1,sky is clear
1826,10/1/2017,57.11916667,90,overcast clouds
1827,10/2/2017,58.53625,1,sky is clear
1828,10/3/2017,58.79375,20,few clouds
1829,10/4/2017,60.0696,75,broken clouds
1830,10/5/2017,70.225,1,sky is clear
1831,10/6/2017,71.43032258,90,overcast clouds
1832,10/7/2017,69.8409375,1,sky is clear
1833,10/8/2017,73.70897436,1,sky is clear
1834,10/9/2017,73.21545455,1,sky is clear
1835,10/10/2017,73.73814815,90,light rain
1836,10/11/2017,67.20730769,1,sky is clear
1837,10/12/2017,60.91108108,90,light intensity drizzle
1838,10/13/2017,57.43333333,1,sky is clear
1839,10/14/2017,63.79878049,90,overcast clouds
1840,10/15/2017,66.97323529,90,overcast clouds
1841,10/16/2017,62.03482759,90,overcast clouds
1842,10/17/2017,48.59416667,20,few clouds
1843,10/18/2017,55.11541667,1,sky is clear
1844,10/19/2017,58.4048,1,sky is clear
1845,10/20/2017,61.78375,1,sky is clear
1846,10/21/2017,60.85083333,1,sky is clear
1847,10/22/2017,60.14083333,1,sky is clear
1848,10/23/2017,63.13807692,1,sky is clear
1849,10/24/2017,70.51153846,75,broken clouds
1850,10/25/2017,63.22305556,90,mist
1851,10/26/2017,55.256,1,sky is clear
1852,10/27/2017,51.12166667,1,sky is clear
1853,10/28/2017,55.168,1,sky is clear
1854,10/29/2017,62.82863636,75,broken clouds
1855,10/30/2017,55.42026316,90,heavy intensity rain
1856,10/31/2017,50.49,1,sky is clear
1857,11/1/2017,46.115,1,sky is clear
1858,11/2/2017,61.10827586,75,broken clouds
1859,11/3/2017,63.02,1,sky is clear
1860,11/4/2017,50.82541667,1,sky is clear
1861,11/5/2017,55.35395349,1,sky is clear
1862,11/6/2017,61.72090909,90,mist
1863,11/7/2017,45.18740741,75,broken clouds
1864,11/8/2017,41.7109375,90,moderate rain
1865,11/9/2017,44.18541667,90,overcast clouds
1866,11/10/2017,42.77407407,75,broken clouds
1867,11/11/2017,28.87166667,1,sky is clear
1868,11/12/2017,34.3,1,sky is clear
1869,11/13/2017,41.14027027,1,sky is clear
1870,11/14/2017,39.21208333,1,sky is clear
1871,11/15/2017,40.5472,90,overcast clouds
1872,11/16/2017,50.1296875,90,overcast clouds
1873,11/17/2017,43.905,1,sky is clear
1874,11/18/2017,39.95448276,1,sky is clear
1875,11/19/2017,52.0075,90,moderate rain
1876,11/20/2017,41.09846154,40,scattered clouds
1877,11/21/2017,44.84916667,1,sky is clear
1878,11/22/2017,46.977,1,sky is clear
1879,11/23/2017,36.08958333,90,light rain
1880,11/24/2017,37.29333333,1,sky is clear
1881,11/25/2017,42.97666667,1,sky is clear
1882,11/26/2017,46.72041667,1,sky is clear
1883,11/27/2017,42.24375,75,broken clouds
1884,11/28/2017,40.53375,1,sky is clear
1885,11/29/2017,50.7448,1,sky is clear
1886,11/30/2017,40.7,1,sky is clear
1887,12/1/2017,45.25575758,1,sky is clear
1888,12/2/2017,38.97166667,1,sky is clear
1889,12/3/2017,41.49583333,1,sky is clear
1890,12/4/2017,38.58045455,75,mist
1891,12/5/2017,52.6968,75,broken clouds
1892,12/6/2017,51.03055556,90,moderate rain
1893,12/7/2017,39.26333333,1,sky is clear
1894,12/8/2017,36.06,20,few clouds
1895,12/9/2017,32.3052381,75,broken clouds
1896,12/10/2017,31.43264706,90,light snow
1897,12/11/2017,35.4028,1,sky is clear
1898,12/12/2017,41.50851852,1,sky is clear
1899,12/13/2017,28.20814815,40,light snow
1900,12/14/2017,25.82176471,1,sky is clear
1901,12/15/2017,22.46548387,1,sky is clear
1902,12/16/2017,26.42642857,90,light snow
1903,12/17/2017,34.06333333,90,overcast clouds
1904,12/18/2017,36.9903125,1,sky is clear
1905,12/19/2017,47.6525,90,overcast clouds
1906,12/20/2017,45.52416667,1,sky is clear
1907,12/21/2017,33.89583333,1,sky is clear
1908,12/22/2017,36.92541667,90,overcast clouds
1909,12/23/2017,39.95178571,90,mist
1910,12/24/2017,40.59866667,90,moderate rain
1911,12/25/2017,35.028125,90,overcast clouds
1912,12/26/2017,26.13291667,1,sky is clear
1913,12/27/2017,21.18458333,1,sky is clear
1914,12/28/2017,15.8375,1,sky is clear
1915,12/29/2017,14.82541667,1,sky is clear
1916,12/30/2017,18.25342857,1,sky is clear
1917,12/31/2017,16.0475,1,haze
1918,1/1/2018,10.90666667,1,sky is clear
1919,1/2/2018,16.68458333,1,sky is clear
1920,1/3/2018,18.89333333,1,sky is clear
1921,1/4/2018,23.89111111,1,sky is clear
1922,1/5/2018,15.42551724,90,haze
1923,1/6/2018,10.09958333,1,sky is clear
1924,1/7/2018,8.96875,1,sky is clear
1925,1/8/2018,22.06928571,1,sky is clear
1926,1/9/2018,33.01769231,90,mist
1927,1/10/2018,30.34791667,1,sky is clear
1928,1/11/2018,40.9537931,90,overcast clouds
1929,1/12/2018,53.10352941,1,mist
1930,1/13/2018,50.00464286,90,mist
1931,1/14/2018,19.14083333,1,light snow
1932,1/15/2018,20.69208333,1,sky is clear
1933,1/16/2018,27.95958333,1,sky is clear
1934,1/17/2018,33.4106383,90,overcast clouds
1935,1/18/2018,23.33208333,1,sky is clear
1936,1/19/2018,27.24458333,1,sky is clear
1937,1/20/2018,38.88375,1,sky is clear
1938,1/21/2018,40.46416667,1,sky is clear
1939,1/22/2018,43.23489362,90,overcast clouds
1940,1/23/2018,46.11269231,90,mist
1941,1/24/2018,41.24333333,75,broken clouds
1942,1/25/2018,28.36208333,1,sky is clear
1943,1/26/2018,28.19333333,1,sky is clear
1944,1/27/2018,37.03041667,1,sky is clear
1945,1/28/2018,48.46596154,1,sky is clear
1946,1/29/2018,41.3656,40,fog
1947,1/30/2018,33.22454545,90,overcast clouds
1948,1/31/2018,24.2025,90,overcast clouds
1949,2/1/2018,34.25291667,40,scattered clouds
1950,2/2/2018,33.86536585,90,light intensity drizzle
1951,2/3/2018,20.44958333,1,sky is clear
1952,2/4/2018,34.51864865,1,sky is clear
1953,2/5/2018,36.82969697,90,moderate rain
1954,2/6/2018,28.30625,1,sky is clear
1955,2/7/2018,31.05390244,1,sky is clear
1956,2/8/2018,32.83517241,90,light intensity drizzle
1957,2/9/2018,27.5448,90,overcast clouds
1958,2/10/2018,41.21104167,20,few clouds
1959,2/11/2018,45.53777778,90,heavy intensity rain
1960,2/12/2018,49.36051282,90,mist
1961,2/13/2018,31.69416667,1,sky is clear
1962,2/14/2018,38.0424,1,sky is clear
1963,2/15/2018,47.41297872,1,sky is clear
1964,2/16/2018,53.51444444,1,mist
1965,2/17/2018,34.42615385,1,sky is clear
1966,2/18/2018,35.145,90,snow
1967,2/19/2018,39.26774194,1,sky is clear
1968,2/20/2018,47.52886792,90,light rain
1969,2/21/2018,59.46388889,1,sky is clear
1970,2/22/2018,47.7472973,1,sky is clear
1971,2/23/2018,37.5227907,90,light rain
1972,2/24/2018,44.95783784,90,mist
1973,2/25/2018,43.024,90,light intensity drizzle
1974,2/26/2018,44.43035714,90,mist
1975,2/27/2018,43.42166667,1,sky is clear
1976,2/28/2018,45.56416667,1,sky is clear
1977,3/1/2018,51.3552,1,sky is clear
1978,3/2/2018,39.50857143,90,light rain
1979,3/3/2018,38.107,90,light rain and snow
1980,3/4/2018,40.07166667,90,overcast clouds
1981,3/5/2018,35.9788,20,few clouds
1982,3/6/2018,36.5725,1,sky is clear
1983,3/7/2018,35.01656716,90,overcast clouds
1984,3/8/2018,34.80971429,90,heavy snow
1985,3/9/2018,33.9562963,90,overcast clouds
1986,3/10/2018,35.09458333,1,sky is clear
1987,3/11/2018,36.1,90,light snow
1988,3/12/2018,35.94791667,1,sky is clear
1989,3/13/2018,35.39654545,90,overcast clouds
1990,3/14/2018,34.3924,1,sky is clear
1991,3/15/2018,35.754,90,light snow
1992,3/16/2018,36.01125,40,scattered clouds
1993,3/17/2018,34.44583333,1,sky is clear
1994,3/18/2018,35.825,1,sky is clear
1995,3/19/2018,36.43583333,1,sky is clear
1996,3/20/2018,33.38083333,1,sky is clear
1997,3/21/2018,32.98457627,90,light snow
1998,3/22/2018,34.94,90,snow
1999,3/23/2018,40.7175,1,sky is clear
2000,3/24/2018,40.25541667,90,overcast clouds
2001,3/25/2018,38.8025,1,sky is clear
2002,3/26/2018,37.96541667,1,sky is clear
2003,3/27/2018,36.57291667,1,sky is clear
2004,3/28/2018,39.89275,90,light rain
2005,3/29/2018,48.26666667,90,overcast clouds
2006,3/30/2018,49.55421053,90,mist
2007,3/31/2018,45.95666667,90,light rain
2008,4/1/2018,49.20833333,1,sky is clear
2009,4/2/2018,36.43974359,1,sky is clear
2010,4/3/2018,38.18473684,1,sky is clear
2011,4/4/2018,44.02135593,90,mist
2012,4/5/2018,39.66833333,1,sky is clear
2013,4/6/2018,40.1046875,1,sky is clear
2014,4/7/2018,45.57208333,90,overcast clouds
2015,4/8/2018,37.94,90,overcast clouds
2016,4/9/2018,36.76708333,40,scattered clouds
2017,4/10/2018,39.49531915,90,overcast clouds
2018,4/11/2018,40.94583333,75,broken clouds
2019,4/12/2018,47.70583333,20,few clouds
2020,4/13/2018,65.13125,1,sky is clear
2021,4/14/2018,65.51125,1,sky is clear
2022,4/15/2018,42.31641509,90,light rain
2023,4/16/2018,44.44795918,90,moderate rain
2024,4/17/2018,44.288,75,broken clouds
2025,4/18/2018,42.7704,90,overcast clouds
2026,4/19/2018,43.735625,1,sky is clear
2027,4/20/2018,41.82708333,75,light rain
2028,4/21/2018,46.4875,1,sky is clear
2029,4/22/2018,52.53458333,1,sky is clear
2030,4/23/2018,51.04958333,1,sky is clear
2031,4/24/2018,51.49115385,1,sky is clear
2032,4/25/2018,55.11681818,90,overcast clouds
2033,4/26/2018,57.19755556,90,mist
2034,4/27/2018,53.77552632,20,few clouds
2035,4/28/2018,53.98717949,90,mist
2036,4/29/2018,53.22243243,75,moderate rain
2037,4/30/2018,47.58071429,90,overcast clouds
2038,5/1/2018,56.7984,90,light rain
2039,5/2/2018,71.71791667,1,sky is clear
2040,5/3/2018,78.7052,0,Sky is Clear
2041,5/4/2018,73.16678571,90,light rain
2042,5/5/2018,70.40666667,1,sky is clear
2043,5/6/2018,61.56793103,1,sky is clear
2044,5/7/2018,60.45769231,90,overcast clouds
2045,5/8/2018,59.59269231,1,sky is clear
2046,5/9/2018,59.159,40,scattered clouds
2047,5/10/2018,57.19953488,40,scattered clouds
2048,5/11/2018,62.76972973,75,broken clouds
2049,5/12/2018,57.63411765,75,broken clouds
2050,5/13/2018,52.924,90,moderate rain
2051,5/14/2018,54.99367347,90,light rain
2052,5/15/2018,67.35809524,75,broken clouds
2053,5/16/2018,62.6952381,90,moderate rain
2054,5/17/2018,59.08098361,90,light rain
2055,5/18/2018,63.58366667,1,mist
2056,5/19/2018,53.63714286,90,overcast clouds
2057,5/20/2018,61.54150943,90,mist
2058,5/21/2018,67.42375,40,scattered clouds
2059,5/22/2018,61.35689655,1,sky is clear
2060,5/23/2018,61.98434783,90,mist
2061,5/24/2018,71.59333333,1,sky is clear
2062,5/25/2018,72.75583333,5,sky is clear
2063,5/26/2018,78.86125,20,few clouds
2064,5/27/2018,66.35697674,1,sky is clear
2065,5/28/2018,60.93153846,90,mist
2066,5/29/2018,70.97448276,90,overcast clouds
2067,5/30/2018,67.95571429,1,sky is clear
2068,5/31/2018,65.45836364,1,mist
2069,6/1/2018,67.72278689,90,mist
2070,6/2/2018,75.66225806,1,haze
2071,6/3/2018,64.92655172,75,broken clouds
2072,6/4/2018,55.8027907,1,light rain
2073,6/5/2018,63.50703704,90,overcast clouds
2074,6/6/2018,63.06208333,1,sky is clear
2075,6/7/2018,63.01458333,75,broken clouds
2076,6/8/2018,67.51291667,1,sky is clear
2077,6/9/2018,72.2936,20,few clouds
2078,6/10/2018,67.01151515,1,sky is clear
2079,6/11/2018,61.50578947,90,light rain
2080,6/12/2018,62.75458333,1,sky is clear
2081,6/13/2018,67.43117647,1,sky is clear
2082,6/14/2018,75.12166667,75,broken clouds
2083,6/15/2018,70.06625,20,few clouds
2084,6/16/2018,70.49541667,90,overcast clouds
2085,6/17/2018,74.76125,8,sky is clear
2086,6/18/2018,78.81,75,broken clouds
2087,6/19/2018,79.0721875,75,thunderstorm
2088,6/20/2018,74.16791667,1,sky is clear
2089,6/21/2018,71.18057143,90,overcast clouds
2090,6/22/2018,70.45875,40,scattered clouds
2091,6/23/2018,64.58368421,75,broken clouds
2092,6/24/2018,69.81567568,90,overcast clouds
2093,6/25/2018,73.6275,40,scattered clouds
2094,6/26/2018,69.00333333,75,broken clouds
2095,6/27/2018,68.68416667,75,broken clouds
2096,6/28/2018,74.08066667,90,moderate rain
2097,6/29/2018,77.95692308,20,thunderstorm
2098,6/30/2018,80.32,1,sky is clear
2099,7/1/2018,83.59875,1,sky is clear
2100,7/2/2018,81.79032258,1,sky is clear
2101,7/3/2018,81.164,1,sky is clear
2102,7/4/2018,80.24757576,20,haze
2103,7/5/2018,80.04730769,1,sky is clear
2104,7/6/2018,78.00875,20,few clouds
2105,7/7/2018,69.89708333,1,sky is clear
2106,7/8/2018,69.49916667,1,sky is clear
2107,7/9/2018,73.62041667,1,sky is clear
2108,7/10/2018,78.70458333,1,sky is clear
2109,7/11/2018,79.34,1,sky is clear
2110,7/12/2018,74.7428,90,overcast clouds
2111,7/13/2018,74.19416667,1,sky is clear
2112,7/14/2018,76.9825,1,sky is clear
2113,7/15/2018,74.02866667,20,few clouds
2114,7/16/2018,80.02416667,1,sky is clear
2115,7/17/2018,77.03657143,1,sky is clear
2116,7/18/2018,74.64206897,90,moderate rain
2117,7/19/2018,72.71416667,1,sky is clear
2118,7/20/2018,72.895,1,sky is clear
2119,7/21/2018,70.595,1,sky is clear
2120,7/22/2018,72.40255814,90,heavy intensity rain
2121,7/23/2018,76.21666667,90,heavy intensity rain
2122,7/24/2018,78.43966667,90,light rain
2123,7/25/2018,76.14,90,mist
2124,7/26/2018,75.86606061,90,heavy intensity rain
2125,7/27/2018,77.96441176,20,few clouds
2126,7/28/2018,73.94255814,75,light rain
2127,7/29/2018,75.47375,75,broken clouds
2128,7/30/2018,73.18458333,90,overcast clouds
2129,7/31/2018,72.8532,1,light rain
2130,8/1/2018,77.445,1,sky is clear
2131,8/2/2018,80.55517241,40,scattered clouds
2132,8/3/2018,77.10918919,20,light rain
2133,8/4/2018,76.62057143,1,sky is clear
2134,8/5/2018,80.138,1,sky is clear
2135,8/6/2018,82.14846154,20,few clouds
2136,8/7/2018,81.7336,1,sky is clear
2137,8/8/2018,78.311875,90,heavy intensity rain
2138,8/9/2018,79.759,20,light rain
2139,8/10/2018,77.96416667,1,sky is clear
2140,8/11/2018,73.97767857,90,overcast clouds
2141,8/12/2018,75.215625,90,mist
2142,8/13/2018,73.35341463,40,light rain
2143,8/14/2018,73.55886364,90,mist
2144,8/15/2018,76.54375,40,light rain
2145,8/16/2018,80.85125,1,sky is clear
2146,8/17/2018,81.02580645,1,mist
2147,8/18/2018,76.38904762,1,thunderstorm with light rain
2148,8/19/2018,70.30131579,90,light rain
2149,8/20/2018,70.32269231,90,overcast clouds
2150,8/21/2018,70.98791667,40,scattered clouds
2151,8/22/2018,75.34178571,90,overcast clouds
2152,8/23/2018,72.05,1,proximity shower rain
2153,8/24/2018,70.89791667,1,sky is clear
2154,8/25/2018,71.14083333,1,sky is clear
2155,8/26/2018,72.55541667,1,light rain
2156,8/27/2018,77.93846154,90,light rain
2157,8/28/2018,81.59606061,1,haze
2158,8/29/2018,85.1975,1,sky is clear
2159,8/30/2018,83.455,1,sky is clear
2160,8/31/2018,74.11193548,1,sky is clear
2161,9/1/2018,71.44791667,90,light rain
2162,9/2/2018,72.27125,40,scattered clouds
2163,9/3/2018,79.6872,1,light rain
2164,9/4/2018,82.29708333,1,sky is clear
2165,9/5/2018,80.60653846,1,sky is clear
2166,9/6/2018,81.67903226,1,sky is clear
2167,9/7/2018,74.18296296,1,heavy intensity rain
2168,9/8/2018,67.99969697,90,overcast clouds
2169,9/9/2018,58.7204,75,light rain
2170,9/10/2018,58.5925,90,light rain
2171,9/11/2018,65.52970149,90,moderate rain
2172,9/12/2018,73.23701754,90,light rain
2173,9/13/2018,71.73897959,90,moderate rain
2174,9/14/2018,70.5987234,90,light rain
2175,9/15/2018,71.3912,90,overcast clouds
2176,9/16/2018,70.65833333,1,sky is clear
2177,9/17/2018,71.5696875,1,sky is clear
2178,9/18/2018,74.99897959,75,light rain
2179,9/19/2018,71.098,20,few clouds
2180,9/20/2018,68.00653846,75,broken clouds
2181,9/21/2018,68.52833333,90,overcast clouds
2182,9/22/2018,70.60625,90,overcast clouds
2183,9/23/2018,62.1265625,1,sky is clear
2184,9/24/2018,62.43037037,90,light rain
2185,9/25/2018,62.90377358,75,broken clouds
2186,9/26/2018,72.85306122,90,moderate rain
2187,9/27/2018,69.09333333,75,heavy intensity rain
2188,9/28/2018,61.41803922,90,moderate rain
2189,9/29/2018,61.28185185,1,mist
2190,9/30/2018,60.9492,75,broken clouds
2191,10/1/2018,65.8796,1,sky is clear
2192,10/2/2018,69.7059375,1,mist
2193,10/3/2018,67.98184211,90,light rain
2194,10/4/2018,65.81642857,1,sky is clear
2195,10/5/2018,66.5004,90,mist
2196,10/6/2018,64.19771429,75,broken clouds
2197,10/7/2018,69.87634146,90,light intensity drizzle
2198,10/8/2018,66.538,1,mist
2199,10/9/2018,67.39943396,90,light rain
2200,10/10/2018,71.41878788,1,mist
2201,10/11/2018,72.69488372,75,broken clouds
2202,10/12/2018,64.18189189,90,heavy intensity rain
2203,10/13/2018,50.25178571,1,sky is clear
2204,10/14/2018,49.31125,1,sky is clear
2205,10/15/2018,57.24175,75,broken clouds
2206,10/16/2018,56.815,90,light rain
2207,10/17/2018,51.18375,1,sky is clear
2208,10/18/2018,46.78291667,1,sky is clear
2209,10/19/2018,46.15333333,1,sky is clear
2210,10/20/2018,55.81433333,75,broken clouds
2211,10/21/2018,47.646,1,sky is clear
2212,10/22/2018,41.32708333,1,sky is clear
2213,10/23/2018,51.01333333,1,sky is clear
2214,10/24/2018,49.30125,40,scattered clouds
2215,10/25/2018,44.80625,40,scattered clouds
2216,10/26/2018,41.34833333,1,sky is clear
2217,10/27/2018,47.25,90,overcast clouds
2218,10/28/2018,48.01227273,90,light intensity drizzle
2219,10/29/2018,50.43914286,90,overcast clouds
2220,10/30/2018,47.72,90,light rain
2221,10/31/2018,48.66958333,1,sky is clear
2222,11/1/2018,60.58291667,75,broken clouds
2223,11/2/2018,66.56848485,1,sky is clear
2224,11/3/2018,59.7752381,90,light rain
2225,11/4/2018,47.56166667,1,sky is clear
2226,11/5/2018,48.884375,1,sky is clear
2227,11/6/2018,52.22716418,90,light rain
2228,11/7/2018,56.26259259,20,light rain
2229,11/8/2018,52.08875,75,broken clouds
2230,11/9/2018,45.08107143,1,sky is clear
2231,11/10/2018,47.03097561,90,heavy intensity rain
2232,11/11/2018,37.44208333,1,sky is clear
2233,11/12/2018,38.06125,1,sky is clear
2234,11/13/2018,46.082,1,sky is clear
2235,11/14/2018,39.33875,90,overcast clouds
2236,11/15/2018,30.90810811,1,sky is clear
2237,11/16/2018,36.01098361,90,moderate rain
2238,11/17/2018,41.28041667,20,few clouds
2239,11/18/2018,40.27208333,90,overcast clouds
2240,11/19/2018,43.24111111,88,overcast clouds
2241,11/20/2018,43.77942857,1,sky is clear
2242,11/21/2018,39.2392,90,overcast clouds
2243,11/22/2018,27.17,90,light rain
2244,11/23/2018,21.17416667,1,sky is clear
2245,11/24/2018,31.80958333,1,sky is clear
2246,11/25/2018,47.69243243,90,moderate rain
2247,11/26/2018,47.01896552,75,broken clouds
2248,11/27/2018,44.11139535,90,heavy intensity rain
2249,11/28/2018,37.97958333,75,light rain
2250,11/29/2018,41.2275,75,broken clouds
2251,11/30/2018,38.595,75,broken clouds
2252,12/1/2018,38.91645161,90,light rain
2253,12/2/2018,46.86067568,90,moderate rain
2254,12/3/2018,52.93022222,90,light rain
2255,12/4/2018,40.90333333,75,broken clouds
2256,12/5/2018,30.63458333,1,light rain
2257,12/6/2018,32.12375,90,overcast clouds
2258,12/7/2018,36.0325,90,overcast clouds
2259,12/8/2018,28.2548,1,sky is clear
2260,12/9/2018,28.98125,40,scattered clouds
2261,12/10/2018,31.0275,90,overcast clouds
2262,12/11/2018,30.90333333,20,few clouds
2263,12/12/2018,34.73166667,20,few clouds
2264,12/13/2018,34.13378378,75,broken clouds
2265,12/14/2018,42.05689655,90,light rain
2266,12/15/2018,47.53545455,90,light rain
2267,12/16/2018,41.596,90,overcast clouds
2268,12/17/2018,39.8840625,90,moderate rain
2269,12/18/2018,36.45791667,90,overcast clouds
2270,12/19/2018,31.6225,20,few clouds
2271,12/20/2018,38.06733333,1,sky is clear
2272,12/21/2018,53.74421053,90,moderate rain
2273,12/22/2018,48.85821429,90,mist
2274,12/23/2018,40.22083333,75,broken clouds
2275,12/24/2018,37.68,40,scattered clouds
2276,12/25/2018,36.73791667,75,broken clouds
2277,12/26/2018,36.10833333,75,broken clouds
2278,12/27/2018,39.41916667,1,sky is clear
2279,12/28/2018,47.92434783,40,scattered clouds
2280,12/29/2018,52.17538462,90,light rain
2281,12/30/2018,38.05666667,40,scattered clouds
2282,12/31/2018,37.97448276,75,broken clouds
